William Bolton,1769
Jabez Bowen,1769
James Bryson,1769
William Clarke,1769
John Davis,1769
James Edwards,1769
Morgan Edwards,1769
Caleb Evans,1769
Oliver Hart,1769
David Howell,1769
Robert Strettle Jones,1769
Samuel Jones,1769
Abel Morgan,1769
John Collett Ryland,1769
Hezekiah Smith,1769
Samuel Stillman,1769
John Stites,1769
David Thomas,1769
Joshua Toulmin,1769
Edward Upham,1769
Joseph Wanton,1769
Henry Ward,1769
Benjamin Beddome,1770
William Bowen,1770
Joseph Brown,1770
Isaac Eaton,1770
Abel Evans,1770
Hugh Evans,1770
Samuel James,1770
John Reynolds,1770
Benjamin Wallin,1770
Benjamin West,1770
David Rogerson Williams,1770
Isaac Woodman,1770
Daniel Hitchcock,1771
William Nelson,1771
Francis Pelot,1771
Jonathan Williams,1772
Erasmus Kelly,1772
John Ryland,1772
John Brown,1773
Thomas Eyres,1773
Henry Foster,1773
Benjamin Fuller,1773
William Hextall,1773
John Newton,1773
John Stafford,1773
Joshua Symmonds,1773
Augustus Montague Toplady,1773
John Ash,1774
Joshua Babcock,1774
Abraham Booth,1774
Benjamin Davies,1774
Robert Day,1774
Moses Gregson,1774
Jacob Jennings,1774
James Jennings,1774
David Jones,1774
John Oulton,1774
William Porter,1774
John Poynting,1774
John Pye,1774
Isaac Skillman,1774
Benjamin Stelle,1774
William Tillinghast,1774
William Van Horn,1774
John White,1774
Samuel Wilton,1774
Benjamin Foster,1775
Nathanael Greene,1776
John Parke,1776
Benjamin Bourne,1783
James Mann,1783
Thomas Fitch Oliver,1783
John Rippon,1784
Stephen Hopkins,1784
Burgiss Allison,1786
Enoch Edwards,1786
Benjamin Foster,1786
James Newton,1786
Joseph Thomas,1786
Peter Wilson,1786
Samuel Jones,1786
Granville Sharp,1786
Joel Briggs,1787
Daniel Foster,1787
William Patten,1787
Isaac Senter,1787
Thomas Jefferson,1787
Louis Guillaume Otto,1787
Abel Flint,1788
John Stanford,1788
Joseph Winter,1788
Enos Hitchcock,1788
Samuel Stillman,1788
John Hancock,1788
Caleb Aldrich,1789
Seth Washburn,1789
Caleb Evans,1789
Thomas Andros,1790
David Cobb,1790
Josiah Dana,1790
Samuel Fales,1790
James Freeman,1790
Jonathan Homer,1790
Henry Stuber,1790
Samuel Whelpley,1790
Samuel Deane,1790
Samuel Hopkins,1790
George Washington,1790
Josias Lyndon Arnold,1791
Joseph Holbrook,1791
Apollos Leonard,1791
Samuel Leonard,1791
Joseph Philippe Letombe,1791
Philander Shaw,1792
James Brown,1792
John Crane,1792
Joshua Crosby,1792
Thomas Dunscombe,1792
John Fawcett,1792
Benjamin Francis,1792
John Francis,1792
Richard Furman,1792
John Ryland,1792
Leonard White,1792
Benjamin Foster,1792
John Rippon,1792
Perez Fobes,1792
Alexander Hamilton,1792
Benjamin West,1792
Daniel Dana,1793
James Dore,1793
Samuel Graves,1793
Zephaniah Leonard,1793
Archibald M'Lean,1793
Samuel Pearce,1793
William Richards,1793
John Sutcliff,1793
Nicholas Tillinghast,1793
David Howell,1793
Morgan Jones,1793
Joseph Priestley,1793
Thomas Baldwin,1794
John Thornton Kirkland,1794
John Usher,1794
Thomas Barnard,1794
John Jay,1794
John Coakley Lettsom,1794
Andrew Beattie,1795
Thomas Dunn,1795
Eliphalet Nott,1795
Isaac Tompkins,1795
John Prince,1795
James Bicheno,1796
Lawrence Butterworth,1796
Andrew Fuller,1796
Foster Swift,1796
Horace Binney,1797
Clark Brown,1797
Isaac Backus,1797
John Adams,1797
Bradford Marcy,1798
Benjamin Waite Case,1798
Thomas Green,1798
Matthias Burnet Tallmadge,1798
James Wilson,1798
Isaac Skillman,1798
Seth Padelford,1798
Ebenezer Adams,1799
Nathaniel Hill Fletcher,1799
Timothy Pickering,1799
James Sullivan,1799
Oliver Wolcott,1799
Ebenezer Bradford,1800
Samuel Elam,1800
Stephen Gano,1800
George Gibbs,1800
Henry Holcombe,1800
Richard Furman,1800
David Parsons,1800
Calvin Chaddock,1801
Henry Gassett,1801
Paul Ray Metcalf,1801
Isaac Robinson,1801
Holder Slocum,1801
David Rogerson Williams,1801
Benjamin Bourne,1801
Samuel Eddy,1801
Edmund Botsford,1802
Evan Pugh,1802
David Humphreys,1802
William Corlis Bowen,1803
Elisha Andrews,1803
Clark Brown,1803
John Cleaveland,1803
James Edward Burr Finley,1803
Nathan Fobes,1803
James Hinton,1803
Thomas Lyell,1803
Jacob Norton,1803
George Osborne,1803
John Crane,1803
Edward Jenkins,1803
John Reed,1803
John Smith,1803
Joseph Grafton,1804
Bernard Leonard,1804
Burgiss Allison,1804
George Leonard,1804
Solomon Drowne,1804
Joseph Barker,1805
Jonathan Burr,1805
John Davenport,1805
John Green,1805
David Gurney,1805
William Reed,1805
Luther Wright,1805
Barnabas Bidwell,1805
Joseph Clay,1806
James Davis,1806
Henry Edes,1806
John Pipon,1806
Elisha Scott Williams,1806
John McKie,1806
William Carey,1806
Asa Messer,1806
Orchard Cook,1807
Asa Meech,1807
William Patten,1807
William Patton,1807
Zedekiah Sanger,1807
Joseph Sheppard,1808
Levi Hedge,1808
William Parkinson,1808
Jonathan Strong,1808
William White,1808
William Batchelder,1809
Theophilus Parsons,1809
Elisha Clap,1810
Alexander Viets Griswold,1810
Sidney Willard,1810
John Fawcett,1810
Joshua Marshman,1810
John Thornton Kirkland,1810
Andrew Oliver Waterhouse,1811
Daniel Sharp,1811
Joseph Gardiner Swift,1811
Henry Wight,1811
Alexander Viets Griswold,1811
Joseph Hughes,1811
John Fothergill Waterhouse,1812
Nathan Bourne Crocker,1812
Horatio Gates Jones,1812
James Hinton,1812
Pardon Bowen,1812
Levi Wheaton,1812
Joshua Bates,1813
John D’Wolf,1813
Abner Phelps,1813
Tillotson Bronson,1813
Moses Stewart,1813
James Burrill,1813
William Corlis Bowen,1813
William Ingalls,1813
John McKie,1813
Barnabas Bates,1814
John Codman,1814
Stephen Hull,1814
William Bullein Johnson,1814
Aaron Whitney Leland,1814
Nathaniel Miller,1814
Luther Rice,1814
Robert Baylor Semple,1814
Thomas Williams,1814
Jonathan Strong,1814
Benjamin Austin,1814
Micajah Hawkes,1814
Abner Phelps,1814
Aaron Whitney Leland,1815
Edward Richmond,1815
William Steadman,1815
Joseph Story,1815
Thomas Manning Barrows,1815
John Mathewson Eddy,1815
James Mann,1815
William Cogswell,1816
Joel Mann,1816
William Newman,1816
Philip Colby,1817
William Gammell,1817
Thomas Noyes,1817
Joseph Richardson,1817
Jonathan Russell,1817
Nathaniel Miller,1817
Asa Eaton,1818
Elnathan Judson,1818
Joshua Thomas,1818
Nathan Towson,1818
Calvin Park,1818
William Richards,1818
Ariel Mann,1818
David Bolles,1819
Cheever Felch,1819
Nathaniel Kendrick,1819
Archibald Maclay,1819
Joseph Leonard Tillinghast,1819
William Holland Wilmer,1819
John Evans,1819
William Hunter,1819
Henry Wheaton,1819
Lemuel Kollek,1819
Charles Sidney Coxe,1820
John Adams Dix,1820
Elon Galusha,1820
Edward Duncan Ingraham,1820
George Keely,1820
Charles George Sommers,1820
William Johns,1820
William Ebenezer Richmond,1821
William Blanding,1821
Caleb Fiske,1821
David King,1821
Bela Jacobs,1822
Isaac Mann,1822
Gideon Wanton Olney,1822
Richard Povall,1822
Christopher Ellery Robbins,1822
Francis Wayland,1822
Stephen Chapin,1822
Benjamin Allen,1822
Thomas Park,1822
Sylvester Holmes,1823
Adoniram Judson,1823
Nathaniel Kendrick,1823
Tristam Burgess,1823
Nathaniel Searle,1823
Nathaniel West Williams,1824
Robert Baylor Semple,1824
Henry Wight,1824
Charles Henry Alden,1825
Peter Chase,1825
Levi French,1825
William Leete Stone,1825
James Fenner,1825
John Jeffries,1825
Usher Parsons,1825
Daniel Thurber,1825
Alva Woods,1826
Jonathan Homer,1826
Charles Odingsell Screven,1826
Marcus Morton,1826
Thomas Bucklin,1826
Albert Collins Greene,1827
Charles Winston Greene,1827
Howard Malcolm,1827
Charles Morris,1827
William Henry Smith,1827
John Rogers Vinton,1827
Jeremiah Fisher Ames,1827
Oliver Cromwell Comstock,1828
Nathaniel Dunn,1828
Theophilus Colhoun Dunn,1828
Joseph Ives Foot,1828
William Jones,1828
Charles Otis Kimball,1828
Joseph Kinghorn,1828
Winslow Paige,1828
Seth Spencer Whitman,1828
Daniel Sharp,1828
Alva Woods,1828
Eliphalet Nott,1828
Rufus Claggett,1829
Frederick Augustus Farley,1829
Horatio Potter,1829
John Stevens,1829
Joseph Gilbert Totten,1829
John Wayland,1830
William Yates,1830
Joel Hawes,1830
William Taylor Grinnell,1831
Bartholomew Trow Welch,1831
Eleazer Mather Porter Wells,1831
William Theophilus Brantly,1831
William Bailies,1831
Edward Jones Mallett,1832
Samuel Boyd Tobey,1832
Samuel Ward,1832
Rev. Elisha Williams,1832
Thomas Steffe Crisp,1832
Charles Pettit McIlvaine,1832
John James D’Wolf,1833
Alexander Hamilton Frink,1833
Francis Vinton,1833
George Washington Greene,1833
Eli Burnham Smith,1833
William Bullein Johnson,1833
John Farrar,1833
William Learned Marcy,1833
John Dowling,1834
Abraham Henry Dumont,1834
Samuel Furman,1834
William Nelson Pendleton,1834
Josiah Quincy,1834
Nathaniel Bradstreet Shurtleff,1834
Isaac Stevens,1834
Joseph Andrews Warne,1834
Oliver Cobb,1834
John Howland,1835
Samuel Larned,1835
John Mason Peck,1835
Wilbur Fisk,1835
Chauncey Allen Goodrich,1835
Jesse Mercer,1835
William Frederick D’Wolf,1835
Asher Robbins,1835
Timothy Robinson Cressey,1836
John Gebhard,1836
Nicholas Medberry,1836
William Parker,1836
Alexander Hamilton Vinton,1836
Myron Munson Dean,1837
Richard Simpson Fellowes,1837
Dennis Hart Mahan,1837
Jacob Ide,1837
William Harris Murch,1837
Samuel Aaron,1838
Charles Tillinghast James,1838
Lyman Beecher Larkin,1838
Owen Mason,1838
Robert Everett Pattison,1838
Horatio Potter,1838
Abraham Blanding,1838
Joseph John Gurney,1838
Richard Fletcher,1839
Abel Stevens,1839
Joseph Williamson,1839
William Yates,1839
Humphrey Avery,1841
Amos Perry,1841
John Russell,1841
Lucius Leslie Scammell,1841
Alexis Caswell,1841
Cyrus Mason,1841
James Craft Welch,1842
William Jenny,1842
Spencer Houghton Cone,1842
John Mason Williams,1842
Arthur Fuller Drinkwater,1843
Alexander Duncan,1843
George Francis Needham,1843
John Pitman,1843
Ezekiel Whitman,1843
Edward North,1844
Edward Albern Crawley,1844
John Sharp Maginnis,1844
Theron Metcalf,1844
John Whipple,1844
Kazlitt Arvine,1845
Frederick Bosworth,1845
Rowland Gibson Hazard,1845
Thomas Ricker Lambert,1845
James Craft Welch,1845
Job Durfee,1845
John Reed,1845
William Cabell Rives,1845
George Francis Cushman,1846
Andrew Dexter,1846
James Nathaniel Granger,1846
Addison Parker,1846
Wilkins Updike,1846
John Webster,1846
Alvan Bond,1846
George Burgess,1846
Edwards Amasa Park,1846
Baron Stow,1846
David Newton Sheldon,1847
Joseph Emerson Worcester,1847
John Russell Bartlett,1848
William Mitchell,1848
Charles William Parsons,1848
Swan Lyman Pomeroy,1848
Charles Edward Forbes,1848
Richard Ward Greene,1848
Dura Durand Pratt,1849
Nelson Wheeler,1849
Edward Coffin Anderson,1849
William Hague,1849
Mark Anthony De Wolfe Howe,1849
Elam Smalley,1849
James William Thompson,1849
John Henry Clifford,1849
George Washington Keely,1849
George Robert Russell,1849
Richard Sexton James,1850
Stephen Thayer Olney,1850
Henry Adolphus Miles,1850
Rollin Heber Neale,1850
Lemuel Shaw,1850
George Ticknor,1850
Samuel Worcester Taylor,1851
Geronimo Urmeneta,1851
Solomon Peck,1851
Zachariah Allen,1851
Lafayette Sabine Foster,1851
George Howland,1852
Ephraim Knight,1852
Jonathan Edwards Ryland,1852
Joseph Angus,1852
Joseph Muenscher,1852
Joseph Whiting Parker,1852
John Carter Brown,1852
Dennis Hart Mahan,1852
William Ruggles,1852
Jared Warner Williams,1852
Elisha Budd DeMille,1853
Zachariah Eddy,1853
Josiah Hunt,1853
Joshua Leland Maynard,1853
Andrew Pollard,1853
Daniel Shepardson,1853
Francis Mason,1853
Ezekiel Gilman Robinson,1853
Thomas Shepard,1853
Daniel Dewey Barnard,1853
George Ide Chace,1853
Henry Stephens Randall,1853
Benjamin Franklin Thomas,1853
Augustus Frederick Day,1853
George William Curtis,1854
Calvin Fletcher,1854
Gideon French Thayer,1854
James Nathaniel Granger,1854
Henry Jackson,1854
Cyrus Kingsbury,1854
Edward Mellen,1854
Hugh Miller,1854
Samuel Harvey Taylor,1854
John Lauris Blake,1855
John Ledyard Denison,1855
George Washington Dow,1855
Sylvester Gardner Shearman,1855
George Wood,1855
Silas Axtell Crane,1855
Harrison Gray Otis Dwight,1855
Arthur Savage Train,1855
Samuel Ames,1855
William Williams Mather,1855
William Binney,1856
Edward Carlisle Boynton,1856
Joseph Blaner Breed,1856
Samuel William Southmayd Dutton,1856
Alvah Hovey,1856
George Maxwell Randall,1856
John Kingsbury,1856
Joseph Coggin Foster,1857
Moses Brown Lockwood,1857
Samuel Budd Swaim,1857
Leonard Swain,1857
Benjamin Robbins Curtis,1857
George Norman Bigelow,1858
Thomas Knight King,1858
Emory Lyon,1858
William Mitchell Rodman,1858
David March Warren,1858
Christopher Mardenborough Nickels,1858
Thomas Hubbard Vail,1858
Peter Child Bacon,1858
George Barrell Emerson,1858
Erastus Andrews,1859
William Daniel Brayton,1859
Nathaniel Peter Hill,1859
Sylvanus Chace Newman,1859
Thomas Davis Anderson,1859
Charles Worthen Flanders,1859
Baptist Wriothesley Noel,1859
John Larkin Lincoln,1859
Geronimo Urmeneta,1859
Thomas Ewing,1860
Joseph Hall,1860
George Augustus Woodbridge,1860
Thomas March Clark,1860
George Taft,1860
Isaac Davis,1860
John Meredith Read,1860
Ambrose Everett Burnside,1861
William Sprague,1861
Ebenezer Dodge,1861
Robert Curtis Mills,1861
James Henry Duncan,1861
Atwood Bond Meservey,1862
William Paine Sheffield,1862
William Read Staples,1862
Henry Martyn Dexter,1863
Horatio Gates Jones Jr.,1863
James Tift Champlin,1863
Andrew Pollard,1863
Thomas Poynton Ives,1864
William Scott McKenzie,1864
Leonard Walker,1864
Robinson Potter Dunn,1864
Edward Abiel Stevens,1864
Goldwin Smith,1864
George Augustus Crocker,1865
Samuel Gummere,1865
George Thurber,1865
Frank Wheaton,1865
Alexis Caswell,1865
Samuel Curry,1866
William Augustus Mowry,1866
John Meredith Read,1866
John Westall,1866
George Dana Boardman,1866
Kendall Brooks,1866
Alexander Burgess,1866
George Park Fisher,1866
John Augustus Bolles,1866
James Fletcher Blackinton,1867
Charles Collins Van Zandt,1867
William Hadley Eaton,1867
Charles Smith Bradley,1867
Alpheus Carey Morse,1868
Adoniram Judson Huntington,1868
James McCosh,1868
Howard Osgood,1868
James Burrill Angell,1868
Nathan Clifford,1868
Samuel Gridley Howe,1868
Silas Alward,1869
John Howard Appleton,1869
Bohan Prentiss Byram,1869
Horatio Nelson Slater,1869
William Leete Stone,1869
William Robinson Babcock,1869
Heman Lincoln Wayland,1869
William Beach Lawrence,1869
Albert Harkness,1869
Roland Gibson Hazard,1869
Sylvanus Clapp,1870
George Henry Corliss,1870
Stephen Farnum Peckham,1870
Chester Isham Reed,1870
William Watson Waterman,1870
Charles Manning Bowers,1870
Jeremiah Lewis Diman,1870
Augustus Hopkins Strong,1870
George Arnold Brayton,1870
James Butler Campbell,1870
Samuel Stillman Greene,1870
Marcus Morton Jr.,1870
Alfred Porter Putnam,1871
John Wenger,1871
Charles Warren Greene,1872
David Webster Hoyt,1872
George Francis Wilson,1872
Lyman Jewett,1872
Henry Bowen Anthony,1872
Ezekiel Gilman Robinson,1872
Benjamin Bosworth Smith,1872
Charles Durlin Bray,1873
Caleb Fiske Harris,1873
Henry Howard,1873
Henry Chapin,1873
Thomas Allen Jenckes,1873
George Van Ness Lothrop,1873
Rush Christopher Hawkins,1874
Robert Henry Thurston,1874
Daniel William Phillips,1874
James Gardiner Vose,1874
Carl Wilhelm Ernst,1875
David Hunt,1875
Joseph Augustus Shores,1875
Albert Keith Smiley,1875
William Babcock Weeden,1875
Robert John Adams,1875
Daniel Leach,1875
Thomas Durfee,1875
William Gaston,1875
George Bullen,1876
Daniel Moses Fisk,1876
James Carruthers Greenough,1876
James Sullivan Russell,1876
Stephen Smith,1876
John Henry Stiness,1876
Elias Henry Johnson,1877
James Ferdinand Morton,1877
George Edwin Horr,1878
Adoniram Judson Gordon,1878
Charles Stanford,1878
Samuel Greene Arnold,1878
Alexander Lyman Holley,1878
Charles Taber Congdon,1879
Louis Henry Marvel,1879
Josiah Torrey Smith,1879
James Robinson Boise,1879
Isaac Ray,1879
Joseph Warren Merrill,1880
Sidney Smith Rider,1880
John Woodbury Sawyer,1881
Josiah Nelson Cushing,1881
Francis Wayland,1881
Jonathan Chace,1882
LeBaron Bradford Colt,1882
James Madison Morton,1882
Henry Francis Colby,1882
Albert Hale Plumb,1882
George William Curtis,1882
Henry Simmons Frieze,1882
Horace Gray,1882
Edward Lillie Pierce,1882
Daniel Webster Abercrombie,1883
Alfred Mason Williams,1883
Granville Sharp Abbott,1883
Edward Sumner Atwood,1883
Henry Sweetser Burrage,1883
Azel Dow Cole,1883
Hamilton Barclay Staples,1883
William Henry Bennett,1884
Samuel Lunt Caldwell,1884
William Francis Sayles,1885
Frank Tomlinson Hazelwood,1885
Samuel Sullivan Cox,1885
Frank Woodbridge Cheney,1886
James McWhinnie,1886
James Ormsbee Murray,1886
Stephen Osgood Shepard,1886
George Frederick Wright,1887
James Petigru Boyce,1887
Isaac Grant Wilson,1887
Augustus Woodbury,1888
Benjamin Francis Thurston,1888
David Harvey Goodell,1889
Leontine Lincoln,1889
Henry Grattan Guinness,1889
Robert Henry Thurston,1889
John Brown Francis Herreshoff,1890
William Jones Hoppin,1890
Pardon Elisha Tillinghast,1890
David Hummell Greer,1890
William Henry Spencer,1890
Clarence King,1890
James MacAlister,1890
James Lawrence Bennett,1891
Courtney Langdon,1891
Edward Hume Bucknam,1891
Charles Louis Colby,1891
Royal Chapin Taft,1891
Richard Steere Colwell,1891
John Mahan English,1891
William Williams Keen,1891
Charles Matteson,1891
William Augustus Rogers,1891
Henry Griggs Weston,1891
John Melville Gould,1891
William Vail Kellen,1891
Edward Caldwell Moore,1891
Samuel Thurber,1891
George Fox Tucker,1891
Edward Field,1892
Edwin Eddy Calder,1892
Herbert Warren Ladd,1892
George Frederick Pope,1892
William Marshall Fitts Round,1892
Lucian Sharpe,1892
George Murillo Bartol,1892
James Osgood Andrew Clark,1892
Philip Stafford Moxom,1892
Thomas Harwood Pattison,1892
Nelson Wilmarth Aldrich,1892
Oliver Ames,1892
Franklin Jackson Dickman,1892
William Paine Sheffield,1892
Nathaniel James McCarthy,1892
Joseph Henry Gilmore,1892
Charles Bradford Goff,1892
Arnold Buffum Chace,1892
Oliver Spink Westcott,1892
William Whitman Bailey,1893
Charles Henry Banes,1893
Thomas George Dickson,1893
Lysander Dickerman,1893
Benjamin Allen Greene,1893
George Lyman Locke,1893
Lyman Beecher Tefft,1893
John Summerfield Brayton,1893
James Madison Morton,1893
Richard Olney,1893
William LeBaron Putnam,1893
John Henry Stiness,1893
William Eaton Foster,1893
William Torrey Harris,1893
Elbridge Smith,1893
John Tetlow,1893
Horace Mann Willard,1893
Arthur Lewis Brown,1894
Sarah Elizabeth Doyle,1894
James Leland Howard,1894
Charles Henry Merriman,1894
Erastus Richardson,1894
Joel Herbert Shedd,1894
Thomas Davis Anderson,1894
Thomas Burgess,1894
Reginald Heber Howe,1894
Reuben Thomas Durrett,1894
Arnold Green,1894
Elmer Lawrence Corthell,1894
Ray Greene Huling,1894
William Thane Peck,1894
John Peirce,1894
Seth Jones Axtell,1895
Robert Ludlow Fowler,1895
Lewis George Janes,1895
Theodore Corson Search,1895
Thomas Seymour Barbour,1895
William Herbert Perry Faunce,1895
Julia Josephine Irvine,1895
William Winter,1895
Eli Whitney Blake,1895
Jules Jordan,1895
George Edwin Horr,1896
William Henry Lyon,1896
James Cooley Fletcher,1896
Oscar Solomon Straus,1896
George Miller Sternberg,1896
Horace Sumner Tarbell,1896
James Franklin Collins,1896
Nathanael Greene Herreshoff,1896
Willard Spencer Allen,1897
Elisha Dyer,1897
William Carey Joslin,1897
John Hay,1897
Benjamin Franklin Clarke,1897
David Barnes Ford,1898
Leander Cornelius Manchester,1898
Alphaeus Hyatt,1898
Jesse Macy,1898
Josiah Nelson Cushing,1898
John Russell Bartlett,1898
Adelia Thompson Hillman,1898
Warren Richmond Perce,1898
Frederick Burgess,1899
Josiah Ripley Goddard,1899
Sumner Upham Shearman,1899
Caroline Hazard,1899
Francis Almon Gaskill,1899
William Goddard,1899
Hammond Lamont,1900
Albert Arnold Bennett,1900
Mary Emma Woolley,1900
Elisha Benjamin Andrews,1900
Benjamin Ide Wheeler,1900
John Howard Appleton,1900
Frank Perkins Whitman,1900
Edward Winter Clark,1901
Spenser Byron Messer,1901
Timothy Richard,1901
William Eaton Foster,1901
Nelson Appleton Miles,1901
Hamilton Crawford MacDougall,1901
Daniel Larned Davis Granger,1902
Frederick Roy Martin,1902
George Rice Hovey,1902
William Warren Landrum,1902
Emery Huntington Porter,1902
William Wilberforce Douglas,1902
Frederick Mott,1902
John Byron Diman,1903
James Charles Monaghan,1903
Amos Turner Ashton,1903
Everett Doughty Burr,1903
Edwin Pickett Farnham,1903
Daniel Goodwin,1903
Isaac Nelson Ford,1903
William Vail Kellen,1903
Andrew Jackson Montague,1903
Woodrow Wilson,1903
Theodore Salisbury Woolsey,1903
George Coleman Gow,1903
Frederick Lincoln Anderson,1904
John Henry Mason,1904
Charles Edwin Bennett,1904
William Carey Poland,1904
Irving Berdine Richman,1904
William Neilson McVickar,1904
John Ripley Freeman,1904
Champlin Burrage,1905
William Ashmore,1905
Gibbs Braislin,1905
Edmund Swett Rousmaniere,1905
George Alder Blumer,1905
Edmund James Carpenter,1905
Herman Carey Bumpus,1905
Everett Colby,1906
Frank Stockton Dobbins,1906
George Blinn Francis,1906
Augustus Mendon Lord,1906
Franklin Garrett McKeever,1906
Charles Evans Hughes,1906
Henry Watterson,1906
Horace White,1906
Winslow Upton,1906
Stephen Harris Arnold,1907
John Hope,1907
Charles Frederic Aked,1907
Charles Brown Elder,1907
George Hooper Ferris,1907
Howard Benjamin Grose,1907
Carl Barus,1907
Arthur Lewis Brown,1907
George Frederick Jelly,1907
Wallace Clement Sabine,1907
Fred Davis Aldrich,1908
Sam Walter Foss,1908
James Henry Higgins,1908
Alfred Williams Anthony,1908
Cornelius Samuel Savage,1908
Willis Frye Thomas,1908
Henry Smith Pritchett,1908
Charles Sumner Chapin,1908
Clarence Saunders Brigham,1909
Clarence Augustus Barbour,1909
Arthur Rogers,1909
Gerald Birney Smith,1909
Julia Ward Howe,1909
Frederick Byron Hall,1909
Charles Value Chapin,1909
William Crawford Gorgas,1909
John Brown Francis Herreshoff,1909
Henry Ames Barker,1910
Walter Perley Hall,1910
Daniel Berkeley Updike,1910
William Coleman Bitting,1910
Edward Church Dubois,1910
Samuel Chiles Mitchell,1910
Johann Heinrich von Bernstorff,1910
Charles Frederick Harper,1911
Frank Evans Seagrave,1911
Mary Colman Wheeler,1911
Wilbur Brown Parshley,1911
William Warner Hoppin,1911
Ellen Fitz Pendleton,1911
William Edward Simonds,1911
Charles Nagel,1911
George Grafton Wilson,1911
Homer Jay Wheeler,1911
Sydney Richmond Burleigh,1912
William Colver Hill,1912
Robert Archibald Ashworth,1912
William Sheafe Chase,1912
James DeWolf Perry,1912
Dana Carlton Munro,1912
Lewis Ezra Hicks,1912
Inazo Nitobe,1912
Ezra Ripley Thayer,1912
William Joseph Hussey,1912
Walter Benjamin Briggs,1913
George Dudley Church,1913
Sophronia Maria Elliott,1913
Charles Cotton,1913
Louis Childs Sanford,1913
Richard Miner Vaughan,1913
Moses Clement Gile,1913
Charles McCarthy,1913
William Roscoe Thayer,1913
Alexander Meiklejohn,1913
Edward Douglass White,1913
Frank Michler Chapman,1913
Richard Borden Comstock,1914
Eliza Greene Radeke,1914
John Davison Rockefeller,1914
Charles Reynolds Brown,1914
Austen Kennedy DeBlois,1914
William Edward Gardner,1914
George Angier Gordon,1914
George Hodges,1914
Shailer Mathews,1914
Thomas Roberts Slicer,1914
Herman William Watjen,1914
William Cunningham,1914
John Franklin Jameson,1914
John Matthews Manly,1914
Henry Robinson Palmer,1914
Herbert Putnam,1914
James Ford Rhodes,1914
Paul Shorey,1914
Vernon Purinton Squires,1914
Frank William Taussig,1914
Nicholas Murray Butler,1914
Andrew Carnegie,1914
LeBaron Bradford Colt,1914
Howard Edwards,1914
Stephen Ostrom Edwards,1914
Charles William Eliot,1914
Frank Johnson Goodnow,1914
Arthur Twining Hadley,1914
John Grier Hibben,1914
Alexander Crombie Humphreys,1914
Clarke Howard Johnson,1914
Abbott Lawrence Lowell,1914
John Bassett Moore,1914
Romulo Sebastian Naon,1914
William Peterson,1914
Federico Alfonso Pezet,1914
Carl Copping Plehn,1914
Jacob Gould Schurman,1914
Edgar Fahs Smith,1914
Robert Cooper Smith,1914
William Howard Taft,1914
Martha Carey Thomas,1914
Louis Agricola Bauer,1914
William Bragg,1914
Simon Flexner,1914
Luther Emmett Holt,1914
Charles Henry Forbes,1915
Theodore Barrows Stowell,1915
James Preston Wilson,1915
Samuel Gavitt Babcock,1915
Clarence Mason Gallup,1915
Walter Cochrane Bronson,1915
Walter Raleigh,1915
Talcott Williams,1915
John Huston Finley,1915
Henry Noble MacCracken,1915
Zenas Work Bliss,1916
Allyn King Foster,1916
James Hovey Spencer,1916
Anne Crosby Emery Allinson,1916
William Allen Wilbur,1916
Frank Sigel Dietrich,1916
Herbert Clark Hoover,1916
Franklin Knight Lane,1916
Brand Whitlock,1916
Helen Barrett Montgomery,1917
Frank Austin Smith,1917
Peter Clark Wright,1917
Stephen Butler Leacock,1917
Dallas Lore Sharp,1917
Samuel Coffin Eastman,1917
Lindley Miller Garrison,1917
Samuel Hanson Ordway,1917
John Emery Bucher,1917
Mary Sewell Gardner,1918
Inman Edward Page,1918
William Angell Viall,1918
Edward Holyoke,1918
Joseph Taylor,1918
Charles Lemuel Nichols,1918
Elon Rouse Brown,1918
Henry Cabot Lodge,1918
William Allan Neilson,1918
Hezekiah Anthony Dyer,1919
Joseph Chandler Robbins,1919
Worthington Chauncey Ford,1919
Enoch Herbert Crowder,1919
Joseph Mercier Desiré,1919
Ernest Martin Hopkins,1919
David Franklin Houston,1919
Roscoe Pound,1919
Arthur Edwin Norton,1920
Henry Dexter Sharpe,1920
Charles Nathaniel Arbuckle,1920
Frank Warfield Crowder,1920
Harry Emerson Fosdick,1920
Harold Dexter Hazeltine,1920
Vernon Lyman Kellogg,1920
William Grant Van Horne,1920
Frank Arthur Vanderlip,1920
Alexis Carrel,1920
Stephen Perkins Cabot,1921
Jesse Houghton Metcalf,1921
George Leander Shepley,1921
William Walter Bustard,1921
Philemon Fowler Sturges,1921
Arthur Lord,1921
William Lyon Phelps,1921
Albert Jeremiah Beveridge,1921
deMarchienne Cartier,1921
Armando Vittorio Diaz,1921
Ferdinand Foch,1921
Reuben Eugene Walker,1921
Hideyo Noguchi,1921
Charles Wheaton Abbot,1922
Harry Westcott Rockwell,1922
Frederick Lent,1922
Augustus Phineas Reccord,1922
Auckland Campbell Geddes,1922
Sergius Alexander Korff,1922
Arthur Younger Ford,1923
Thomas Francis Irving McDonnell,1923
George Burwell Utley,1923
Charles Munroe Sheldon,1923
Joseph Bucklin Bishop,1923
James Rowland Angell,1923
John William Davis,1923
John Wingate Weeks,1923
George David Birkhoff,1923
James William McBain,1923
Joseph Henry Gainer,1924
James Henry Franklin,1924
Wilberforce Eames,1924
Robert Lincoln O’Brien,1924
Masanao Hanihara,1924
William Howard Sweetland,1924
Margaret Bingham Stillwell,1925
Thomas Burgess,1925
Joseph Leishman Peacock,1925
James Madison Stifler,1925
John Hessin Clarke,1925
George Lyman Kittredge,1925
Albert Easton White,1925
Walter Hampden,1926
James Edward Freeman,1926
Marion Edwards Park,1926
Serge Koussevitzky,1926
Roy Chapman Andrews,1926
Winthrop John Vanleuven Osterhout,1926
Clarence Monroe Bookman,1927
Wallace Rutherford Lane,1927
Walter Sargent,1927
Everett Carleton Herrick,1927
William Austin Hill,1927
Edwin Cornelius Broome,1927
Mark Sullivan,1927
William Louis Poteat,1927
Michael Idvorsky Pupin,1927
Charles Whitney Gilkey,1928
Willard Learoyd Sperry,1928
George Herbert Sherwood,1928
Walter Perley Hall,1928
Dwight Whitney Morrow,1928
Owen D. Young,1928
Harvey Nathaniel Davis,1928
Paul Philippe Cret,1929
Archibald Angus Freeman,1929
Albert Bedell Cohoe,1929
Isaac Oscar Winslow,1929
Waldo Gifford Leland,1929
Noble Brandon Judah,1929
Arthur Hiler Ruggles,1929
Frank Edward Winsor,1929
Will Samuel Taylor,1930
William James Batt,1930
Clarence Edward Chaney,1930
Charles Carpenter Tillinghast,1930
Bliss Perry,1930
Frank Billings Kellogg,1930
Willard Brooks Tanner,1930
Raymond Mathewson Hood,1931
John Mathews Peters,1931
Edward Wilcox Babcock,1931
Albert Clark Thomas,1931
Wilbur Lucius Cross,1931
John Raleigh Mott,1931
Henry Worth Thornton,1931
Lillian Moller Gilbreth,1931
Ambrose Swasey,1931
Leon Edgar Truesdell,1931
Oliver LaFarge,1932
Arthur Leverett Washburn,1932
Henry Watson Kent,1932
Henry Kalloch Rowe,1932
John Livingston Lowes,1932
William Allen White,1932
Lawrence Counselman Wroth,1932
Walter Johannes Damrosch,1932
Charles Franklin Kettering,1932
Charles Albert Selden,1933
Jefferson Shiel,1933
Daniel Clarence Holtom,1933
Eva Le Gallienne,1933
Benjamin Nathan Cardozo,1933
Norman Staunton Dike,1933
Franklin Winslow Johnson,1933
Harold Higgins Swift,1933
Niels Fleurik David Bohr,1933
Lipot Fejer,1933
Frederic Poole Gorham,1933
Harlow Shapley,1933
Andrew Adams,1934
Ollie Annette Randall,1934
Arthur Howe Bradford,1934
George Sarton,1934
Clarence Saunders Brigham,1934
Charles Evans,1934
Newton Diehl Baker,1934
Ada Louise Comstock,1934
Ada Louise Comstock Notestein,1934
Wassili Leps,1934
George Ellett Coghill,1934
Richard Aldrich,1935
Charles Eliot Goodspeed,1935
Royal Bailey Farnum,1935
Eugene Clayton Carder,1935
John Addison Foote,1935
Henry John Cody,1935
Walter Goodnow Everett,1935
John Hope,1935
Arthur Holly Compton,1935
Edwin Hurlbut Tuller,1935
John Henry Williams,1935
William McGregor,1936
Charles Lyon Seasholes,1936
Charles Townsend,1936
Matt Bushnell Jones,1936
Victor Hugo Paltsits,1936
Joseph Lewis Wheeler,1936
Edgar Sheffield Brightman,1936
George Hubbard Blakeslee,1936
Cordell Hull,1936
Charles Pelot Summerall,1936
Edgar Allen,1936
William Adams Slade,1937
Harris Elwood Starr,1937
James Pickwell Adams,1937
Heinrich Bruning,1937
Warren Randolph Burgess,1937
Zechariah Chafee Jr.,1937
Charles Evans Hughes Jr.,1937
John Davison Rockefeller,1937
Ernst Mahler,1937
Maud Slye,1937
James Harold Williams,1938
William Reid,1938
Edmund Cody Burnett,1938
Allyn Larrabee Brown,1938
Thomas Edmund Dewey,1938
Lewis Williams Douglas,1938
Meta Glass,1938
Walter Guyton Cady,1938
Frederick Slocum,1938
Eric Carl Wendelin,1939
Carl Ivar Hellstrom,1939
William Setchel Learned,1939
Halsey William Wilson,1939
Vannevar Bush,1939
Helen Metcalf Danforth,1939
Albert Davis Mead,1939
Owen Josephus Roberts,1939
Sumner Welles,1939
Albert Edgar Lownes,1940
William Granville Meader,1940
Arthur Osborn Pritchard,1940
Maud Howe Elliott,1940
Felipe Alberto Espil,1940
Dana Gardner Munro,1940
Robert Kilburn Root,1940
Rene Doynel Saint-Quentin,1940
Hu Shih,1940
Thomas Harper Goodspeed,1940
Winifred Loretta Fitzpatrick,1941
Newton Alexander Merritt,1941
Wilbour Eddy Saunders,1941
Ray Osgood Hughes,1941
Kathryn McHale,1941
Marshall Stewart Brown,1941
John Jordan Dillon,1941
Frank Ross McCoy,1941
Paul Van Zeeland,1941
Glenn Luther Martin,1941
Robert Cushman Murphy,1941
Louis Israel Newman,1942
Arthur Leverett Washburn,1942
Katharine Everett Gilbert,1942
Quentin James Reynolds,1942
Margaret Bingham Stillwell,1942
Simeon Strunsky,1942
Hamilton Fish Armstrong,1942
Katharine Elizabeth McBride,1942
Harry Ervin Yarnell,1942
Nadia Boulanger,1942
Katharine Burr Blodgett,1942
Arthur Francis Buddington,1942
George Burton Hibbert,1943
William Thomas Green,1943
Chester Irving Barnard,1943
Lewis Herold Brown,1943
Victor Lloyd Butterfield,1943
Walter Franklin George,1943
John Schoff Millis,1943
Harold Crins Field,1944
John Bartlet Brebner,1944
Arthur Hays Sulzberger,1944
Winthrop Williams Aldrich,1944
Ray Atherton,1944
Alexander Archer Vandegrift,1944
Moses Leverock Crossley,1944
Anna Spencer Canada Swain,1945
James Vernon Claypool,1945
Norris Lowell Tibbetts,1945
Wilmarth Sheldon Lewis,1945
Henri Bonnet,1945
Charles Henry Hare,1945
John Christopher Mahoney,1945
John Lord O’Brian,1945
Dwight Townsend Colley,1946
Hugh Stanford McLeod,1946
Charles Raymond Chappell,1946
Raymond Stewart Hall,1946
Clarence Herman Horner,1946
Walter Douglas Swaffield,1946
Gordon Keith Chalmers,1946
George William Potter,1946
William Curtis Chase,1946
John Sloan Dickey,1946
Royal Bertrand Lord,1946
Raymond Ames Spruance,1946
Charles August Kraus,1946
Louis Cardell Gerry,1947
Merrick Lyon Streeter,1947
Marion Shirley Cole,1947
Granville Bennett,1947
James Cross Collins,1947
Allen Welsh Dulles,1947
Arthur Bartlett Homer,1947
George Catlett Marshall,1947
Harold Gardiner Bowen,1947
Columbus O’Donnell Iselin,1947
Kenneth Safford Parker,1948
Earl Hollier Tomlin,1948
Lathrop Colgate Harper,1948
Julius Seelye Bixler,1948
Gonzalo Edward Buxton,1948
Margaret Shove Morriss,1948
Roland George Dwight Richardson,1948
Robert Wilbur Burgess,1948
Israel Mordecai Goldman,1949
Reginald Poland,1949
Richard Stanley Merrill Emrich,1949
Philip Caryl Jessup,1949
Robert Porter Patterson,1949
Elmer Tomkins Stevens,1949
Harold Brooks Tanner,1949
John Wymond Miller Bunker,1949
John Fujio Aiso,1950
Lula Pulliam Colwell,1950
Edith Lockwood Danielson Howard,1950
Mary Elizabeth Sharpe,1950
Ruth Hussey Longenecker,1950
Thomas Whittemore,1950
James Van Benschoten Bennett,1950
Sarah Gibson Blanding,1950
William Russell Burwell,1950
Erwin Nathaniel Griswold,1950
Jacob Viner,1950
Paul Comly French,1951
Robert Hugo Schacht Jr.,1951
Thomas Mott Shaw,1951
Grace Mabel Sherwood,1951
Mark Anthony De Wolfe Howe,1951
William Clyde DeVane,1951
Dudley Harmon,1951
Grayson Louis Kirk,1951
Robert Abercrombie Lovett,1951
Harry Westcott Rockwell,1951
Donald Greenless Wright,1952
Clarence Edgar Sherman,1952
Sevellon Ledyard Brown,1952
Bernice Brown Cronkhite,1952
William Colver Hill,1952
Charles Habib Malik,1952
John Joseph Muccio,1952
Leonard Carmichael,1952
Ada Holding Miller,1953
Theodore Otto Wedel,1953
Luther Harris Evans,1953
Paul Herman Buck,1953
George Frederick Frost,1953
William Archibald Macintosh,1953
Harry Shulman,1953
James Charles White,1953
Charles Anthony McDonald,1953
Gordon Edward Bigelow,1954
Merrill Kelley Bennett,1954
Harold Willis Dodds,1954
Alfred Whitney Griswold,1954
George Magoffin Humphrey,1954
Nathan Marsh Pusey,1954
Clarence Belden Randall,1954
Alexander Manlius Burgess,1954
Fiorindo Anthony Simeone,1954
Frederick Calvin Broomhead,1955
Marguerite Woodworth Wriston,1955
William Gordon Braude,1955
Edward Geier Freehafer,1955
William Easton Louttit,1955
Margaret Clapp,1955
James Stacy Coles,1955
John Seville Higgins,1955
Rowland Roberts Hughes,1955
Alonzo Graseano Moron,1955
John Orlando Pastore,1955
Dennis Joseph Roberts,1955
Robert Joseph Slavin,1955
Carl Raymond Woodward,1955
Henry Merritt Wriston,1955
Henry Welch,1955
Rosamund Cross,1956
Arthur Eugene Jensen,1956
William Thomson Hastings,1956
James Phinney Baxter,1956
Arthur Frank Burns,1956
Wayne Clayton Grover,1956
John Jay McCloy,1956
Roy Harmon Smith,1956
Charles Allen Thomas,1956
Edward Burgess Aldrich,1957
Margaret Reese Langdon,1957
Lawrence Lazelle Durgin,1957
John Robinson Frazier,1957
John Tracy Winterich,1957
McGeorge Bundy,1957
Marion Bayard Folsom,1957
Christian Archibald Herter,1957
Alfred Clarence Neal,1957
Thomas John Watson Jr.,1957
Thomas Freeman Gilbane,1958
William James Gilbane,1958
Homer Leroy Trickett,1958
Arthur E. Wilson,1958
John Hutchins Cady,1958
Helen Hayes MacArthur,1958
William Chesley Worthington,1958
Robert Francis Goheen,1958
Mary Isabelle Hall,1958
William Clement Gaige,1958
David Gwilym James,1958
Gordon Lancaster Parker,1958
Sidney Earle Smith,1958
Nils Yngve Wessell,1958
John Hay Whitney,1958
Warren Russell Ward,1958
Clarence Henry Graham,1958
Joseph McVicker Hunt,1958
Donald Benjamin Lindsley,1958
Herman Canfield Pitts,1958
Raymond Louis Wilder,1958
Jean Browning Madeira,1959
Olin James Stephens,1959
Roderick Stephens Jr.,1959
Samuel Belkin,1959
John Walker,1959
Kaare Roald Bergethon,1959
Irma Gyllenberg Cull,1959
John William Gardner,1959
Robert Hale Ives Goddard,1959
Gaylord Probasco Harnwell,1959
Lyndon Baines Johnson,1959
Elmer George MacDowell,1959
Donald Gordon Millar,1959
Walter Henry Reynolds,1959
John Vernon Butler,1960
Arthur Turbitt Geoghegen,1960
Paul Judson Braisted,1960
Robert De Blois Calkins,1960
Felix Frankfurter,1960
Elmer Stuart Horton,1960
Henry Allen Moe,1960
Edward Allen Pierce,1960
Austin Wakeman Scott,1960
Marshall Nairne Fulton,1960
Warren Charles Johnson,1960
Millar Burrows,1961
Ben Haig Bagdikian,1961
Whitney Jennings Oates,1961
Sir Sydney Castle Roberts,1961
Curt John Ducasse,1961
John Edward Fogarty,1961
Eva Nellie Blanche Hughes,1961
Otto Kerner,1961
Nancy Duke Lewis,1961
Hugh Stanford McLeod,1961
Theodore Von Karman,1961
Anne S. Kinsolving Brown,1962
Philip May Hamer,1962
Daniel Lucius Brown,1962
Arthur Hobson Dean,1962
Clifford Phelps Morehouse,1962
Rosemary Park,1962
Doris Brown Reed,1962
Arthur Rubinstein,1962
Herman Carey Bumpus Jr.,1962
Herbert Elisha Harris,1962
Ross Clayton MacCardle,1962
Hymen Samuel Mayerson,1962
Samuel Milton Nabrit,1962
Lars Onsager,1962
Ronald Vale Wells,1963
Albert Abraham List,1963
Jay Saunders Redding,1963
Francis Henry Horn,1963
Hunter Sylvester Marston,1963
Sir David Ormsby-Gore,1963
James Alfred Perkins,1963
Jeanne Kittredge Watson,1963
George Frederick Keyes,1963
Herbert Gezork,1964
James Lawrence Hanley,1964
David Daiches,1964
James Blaine Hedges,1964
John McAllister Crawford Jr.,1964
Loren Corey Eiseley,1964
Ralph Waldo Gerard,1964
Jack H. Hexter,1964
Ralph Emerson McGill,1964
Richard Peter McKeon,1964
Stuart Capen Sherman,1964
Vernon Rogers Alden,1964
John Hubbard Chafee,1964
Richard Cardinal Cushing,1964
Vincent Cyril Dore,1964
Maurice Nathan Eisendrath,1964
Archbishop Iakovos,1964
Arthur Lichtenberger,1964
Charles Coolidge Parlin,1964
Ada Lewis Sawyer,1964
Watson Smith,1964
Dirk Uipko Stikker,1964
Owen Meredith Wilson,1964
John Courtney Murray,1964
George Wells Beadle,1964
Harvey Brooks,1964
Solomon Lefschetz,1964
Albert Szent-Gyorgyi,1964
Powel Mills Dwaley,1965
Willem Adolph Visser ’t Hooft,1965
Richard Hubbard Howland,1965
Grace Mary Glynn,1965
Frederick Richmond Goff,1965
Sidney Joseph Perelman,1965
Zenas Randall Bliss,1965
David Arthur Burchinal,1965
Thomas Gardiner Corcoran,1965
William Henry Edwards,1965
Lorimer Douglas Milton,1965
Ollie Annette Randall,1965
Harold Samuel Shefelman,1965
Carl Pfaffmann,1965
John Wilder Tukey,1965
George Willis Waterman,1965
Clifton Waller Barrett,1966
Gustave Otto Arlt,1966
T. Dawson Brown,1966
Gordon Eugene Cadwgan,1966
Penelope Hartland-Thunberg,1966
Joseph William Ress,1966
Leonard Bernstein,1966
Ward Darley,1966
Samuel Joseph Wylie,1967
Mary Critchfield Keeney,1967
Grace Emeline Barstow Murphy,1967
Thomas Baird Appleget,1967
Kingman Brewster Jr.,1967
Edward William Day,1967
Patrick James James,1967
Barnaby Conrad Keeney,1967
George Albert Owens,1967
Elvis Jacob Stahr,1967
Charles Carpenter Tillinghast Jr.,1967
William Potter Buffum,1967
Helen Howard Nowlis,1967
John Bertram Lyte,1968
Bob Hope,1968
Louis Booker Wright,1968
Samuel Foster Damon,1968
Mary Morley Crapo Hyde,1968
Harry Hunter Burton,1968
John Sharpe Chafee,1968
Irving Jay Fain,1968
John Rainsford Gosnell,1968
George Mason Gross,1968
Frederick Herbert Jackson,1968
Frederick Seitz,1968
George Packer Berry,1969
Kenneth Livingston Burdon,1969
Gertrude Belle Elion,1969
Banice Feinberg,1969
Howard Archibald Rusk,1969
Shields Warren,1969
Jacob Nathaniel Blanck,1969
Deborah Willen Meier,1969
John Howland Rowe,1969
Irving Raskin Levine,1969
James Saville Eastham,1969
William Thomas Gossett,1969
William Paul Haas,1969
Henry Alfred Kissinger,1969
Paul Levinger,1969
Walter Bigelow Wriston,1969
Edward Kennedy Ellington,1969
Mary Lucy Cartwright,1969
Thomas Otten Paine,1969
Gordon Kidd Teal,1969
Eli Aaron Bohnen,1970
Rosa Schneider Wessel,1970
Fredson Thayer Bowers,1970
Mercer Cook,1970
John Carter Brown,1970
Nathaniel Davis,1970
Albert Edgar Lownes,1970
Henry Dexter Sharpe Jr.,1970
Katherine Urquhart Warren,1970
Roy Pearson,1971
Georgia O’Keeffe,1971
Germaine Bree,1971
Kenneth Mackenzie Clark,1971
I. F. Stone,1971
William Henry Hastie,1971
Constance Baker Motley,1971
James Augustine Shannon,1971
Minot Packer Fryer,1971
Alfred Lincoln Hawkes,1971
Otto Eduard Neugebauer,1971
Irwin W. Sizer,1971
Adrian Hall,1972
Elizabeth Bishop,1972
Erik Homburger Erikson,1972
Joan Mowat Erikson,1972
Paul Abraham Freund,1972
Patricia Roberts Harris,1972
Claiborne deBorda Pell,1972
Bayard Rustin,1972
Richard Salomon,1972
Robert Merton Solow,1972
Dorothy Elizabeth Bliss,1972
Sarah Caldwell,1973
Carleton Burke Chapman,1973
John Nicholas Brown,1973
John Hope Franklin,1973
Louis Lorenzo Redding,1973
C. Alexander Peloquin,1973
Dorothy Crowfoot Hodgkin,1973
Salvador Edward Luria,1973
William Prager,1973
Frederick Hesley Belden,1974
Benjamin Dean Meritt,1974
Lucy Shoe Meritt,1974
Gwendolyn Brooks,1974
Austin Warren,1974
Claude Raymond Branch,1974
Katharine Graham,1974
John Joseph Sirica,1974
Arlan Ralph Coolidge,1974
Leon N. Cooper,1974
Antoinette Forrester Downing,1975
Sidney Albert Fox,1975
Malcolm Clifford Todd,1975
Robert Webb Kenny,1975
Sterling Allen Brown,1975
Owen Lattimore,1975
Frank Licht,1975
William Samuel Paley,1975
Joseph Vincent Paterno,1975
Charles Henry Watts,1975
Sydney Dillon Ripley,1975
Louis Edward Gelineau,1976
Harold Fredrik Cherniss,1976
Robert Earl Hayden,1976
Israel James Kapstein,1976
John Michael Doar,1976
Walter Hoving,1976
Lawrence Nathaniel Spitz,1976
James Edwin Webb,1976
Francis King Carey Madeira,1976
Jane Marion Oppenheimer,1976
Henry Crown,1977
Vernon Eulion Jordan Jr.,1977
Frederick Lippitt,1977
Steven Muller,1977
Frank James Newman,1977
Mstislav Rostropovich,1977
Harold Brown,1977
Merrill Wallace Chase,1977
Louise Nevelson,1978
Edmund Sears Morgan,1978
Elizabeth Florence Colson,1978
George William Miller,1978
Eleanor Holmes Norton,1978
Merton Philip Stoltz,1978
Isaac Stern,1978
Henry Maurice Goldman,1978
Robert Bruce Lindsay,1978
Katherine Dunham,1979
Juan Lopez-Morillas,1979
Jakob Josef Petuchowski,1979
Richard Reeves Baxter,1979
Foster Barker Davis Jr.,1979
Hanna Holborn Gray,1979
James Bond Stockdale,1979
Samuel Barber,1979
Neil Alden Armstrong,1979
Barbara Philippa McCarthy,1980
Ralph Waldo Ellison,1980
Richard Lee Strout,1980
Brooke Astor,1980
Alfred Hahn Joslin,1980
John George Kemeny,1980
John George Kemey,1980
Theodore Roosevelt Newman Jr.,1980
George Joseph Stigler,1980
Aaron Copland,1980
Eric Denhoff,1980
Twyla Tharp,1981
Arnold Seymour Relman,1981
Daniel Joseph Boorstin,1981
Nathan Alexander Scott Jr.,1981
Walter Wellesley Smith,1981
Warren Minor Christopher,1981
Julian Howard Gibbs,1981
Frederick Douglass Pollard,1981
Lois Dickson Rice,1981
Ruth Harris Wolf,1981
Elma Ina Lewis,1982
Ieoh Ming Pei,1982
Aaron Temkin Beck,1982
William Montague Cobb,1982
Harold Pinter,1982
Robert Hale Ives Goddard Jr.,1982
Claude Peter Magrath,1982
Cathleen Synge Morawetz,1982
Kenneth Harry Olsen,1982
Pindaros Roy Vagelos,1982
Robert George Petersdorf,1983
Barbara Wertheim Tuchman,1983
Bettino Craxi,1983
George Frost Kennan,1983
Theodore Kollek,1983
Adam Bruno Ulam,1983
John Watts Young,1983
Frederick Walter Barnes,1984
Maya Angelou,1984
Vartan Gregorian,1984
James Charles Lehrer,1984
Robert Breckenridge Ware MacNeil,1984
Eugene Ionesco,1984
William Allan Dyer Jr.,1984
Marilyn Horne,1984
Daniel Charles Drucker,1984
Nicolaas Hendrik Kuiper,1984
Michael James Lighthill,1984
Robert Motherwell,1985
William H. Cosby Jr.,1985
Fred W. Friendly,1985
Martha Sharp Joukowsky,1985
Ernest J. Gaines,1985
James Laughlin,1985
Artemis A. W. Joukowsky,1985
Thomas R. Peterson,1985
Fernand Joseph St. Germain,1985
Jonas Edward Salk,1985
An Wang,1985
Phyllis Ann Wallace,1986
Rollo Gabriel Silver,1986
Helen Thomas,1986
Frank Taylor Cary,1986
James William Fulbright,1986
George Safford Parker,1986
Laurance Spelman Rockefeller,1986
Henry Giscard d’Estaing,1986
John Trevor Stuart,1986
Ester Boserup,1987
Constance Chung,1987
Joan Ganz Cooney,1987
Theodor Seuss Geisel,1987
Constance Chung Povich,1987
Joseph Winterbotham Shaw,1987
Earl Gilbert Graves,1987
Fabio Roversi Monaco,1987
Mario Alberto Nobre Lopes Soares,1987
Stevie Wonder,1987
Gustav Victor Rudolf Born,1987
Liv Ullmann,1988
Roderick Milton Chisholm,1988
Pedro Lain Entralgo,1988
Humberto Eco,1988
Gore Vidal,1988
William Gordon Bowen,1988
Ruth Burt Ekstrom,1988
Cyrus Roberts Vance,1988
Wynton Marsalis,1988
Edwin Lowell Cooper,1988
Donald Ervin Knuth,1988
Edmund Wyatt Gordon,1989
Theodore Martin Hesburgh,1989
Carleton Peter Alexis,1989
Emmanuel de Margerie,1989
Mary Maples Dunn,1989
David Pierpont Gardner,1989
Carlos Salinas de Gortari,1989
Gary Stewart Sasse,1989
Howard Robert Swearer,1989
Janet Baker Swearer,1989
Melvin Morse Swig,1989
Pinchas Zuckerman,1989
Kenneth Vivian Thimann,1989
President Steven Muller,1989
Charles Everett Koop,1990
Chloe Anthony Morrison,1990
Maurice Raymond Greenberg,1990
Benjamin Lawson Hooks,1990
Desmond Tutu,1990
Mary Douglas Leakey,1990
Richard Lester Solomon,1990
George Nelson Hunt,1991
Linda Joyce Greenhouse,1991
Judith Nisse Shklar,1991
Elaine Baker Temkin,1991
Nicanor Parra,1991
George Myles Cordell Fisher,1991
Paul Henry Nitze,1991
Mary Terese Winifred Robinson,1991
Eduard Amvrosiyevich Shevardnadze,1991
Alva Otis Way,1991
Zubin Mehta,1991
Walter Eugene Massey,1991
Johnnetta Betsch Cole,1992
Kathryn Scott Fuller,1992
Joan Wallach Scott,1992
Rosemary Pierrel Sorrentino,1992
Marie Jean Langlois,1992
Joseph Robert Weisberger,1992
James Pierpont Comer,1992
Richard Foreman,1993
Richard David Gockley,1993
Harold Prince,1993
Ellen Stewart,1993
Audrey Hepburn,1993
Nafis Sadik,1993
Lila Manfield Sapinsley,1993
Robert Edward Turner III,1993
Willard Carlisle Butcher,1993
William H. Gray,1993
William Duncan MacMillan,1993
Peter David Lax,1993
Matthew Daniel Scharff,1994
Marian Wright Edelman,1994
Bronislaw Geremek,1994
Ira Charles Magaziner,1994
Elliot Everett Maxwell,1994
Nak-Chung Paik,1994
Joy Ungerleider-Mayerson,1994
Leonore Annenberg,1994
Walter H. Annenberg,1994
Nancy Lillian Buc,1994
Hiroo Imura,1994
Yasuhiko Torii,1994
Masaru Ibuka,1994
Robert Duncan MacPherson,1994
Maya Ying Lin,1995
Harold Bailey Jr.,1995
Lyman G. Bloomingdale,1995
Athol Fugard,1995
Dorothy Sterling,1995
William R. Hewlett,1995
Shimon Peres,1995
Edward D. Eddy,1996
Timothy Carter Forbes,1996
Agnes Gund,1996
Arthur Mitchell,1996
James D. Wolfensohn,1996
Khan ,1996
Sandra Day O’Connor,1996
Mary Chapin Carpenter,1996
Itzhak Perlman,1996
Augustus A. White III,1997
Joyce Oldham Appleby,1997
Jesús de Polanco,1997
Leo Esaki,1997
Rosario Ferré,1997
Carlos Fuentes,1997
Victor García de la Concha,1997
Clare Russell Gregorian,1997
Carolyn G. Heilbrun,1997
Lorraine Monroe,1997
Bill Moyers,1997
John Hazen Sr. White,1997
David Macaulay,1997
Louis V. Gerstner Jr.,1997
Richard C. Holbrooke,1997
Sir Michael Atiyah,1997
Maurice Glicksman,1997
John P. McTague,1997
Alan R. Mulally,1997
Simon Ostrach,1997
Ronald D. Probstein,1997
James R. Rice,1997
Chinua Achebe,1998
H. Anthony Ittleson,1998
Theodore Ryland Sizer,1998
P. J. Patterson,1998
Mamphela Aletta Ramphele,1998
Joseph L. Tauro,1998
Janet L. Yellen,1998
John Harris Harbison,1998
Kenneth A. Ribet,1998
Ruth L. Kirschstein,1999
Brian W. Dickinson,1999
His Majesty King of Jordan Hussein,1999
David J. Mahoney,1999
Her Majesty Queen Noor of Jordan Noor,1999
William J. Raspberry,1999
Steven Spielberg,1999
James Oliver Freedman,1999
John Herschel Glenn Jr.,1999
John Hume,1999
Romano Prodi,1999
Julia Vadala Taft,1999
Gustavo Gutierrez,2000
Barnaby Evans,2000
Brice Marden,2000
Francis S. Collins,2000
Louis W. Sullivan,2000
Julia Child,2000
Alice Shalvi,2000
David McCullough,2000
Dorothy DeLay,2000
John Seely Brown,2000
Madeleine Korbel Albright,2001
Kofi A. Annan,2001
Sheila E. Blumstein,2001
Demetrios Christodoulou,2001
Paul Jefferson Eustis,2001
Margaret H. Marshall,2001
Lorrin Andrews Riggs,2001
Philip Roth,2001
Lawrence Small,2001
John P. Birkelund,2002
Raymond G. Chambers,2002
Ruth Bader Ginsburg,2002
Paul LeClerc,2002
Emily Arnold McCully,2002
Jessye Norman,2002
Sadako Ogata,2002
William D. Warner,2002
Mikhail Gorbachev,2003
Laura Linney,2003
Roger Mandle,2003
Samuel Nunn,2003
Lowery Stokes Sims,2003
Joan Argetsinger Steitz,2003
Sir Brian Urquhart,2003
Xu Wenli,2003
Fernando Henrique Cardoso,2004
Malcolm G. Chace,2004
Shirin Ebadi,2004
Paul Farmer,2004
Suzan-Lori Parks,2004
Jane Pauley,2004
Stephen Robert,2004
Judith Rodin,2004
Garry B. Trudeau,2004
Christo,2005
Jeanne-Claude,2005
David Eggers,2005
Sidney E. Frank,2005
Wesley T. Huntress Jr.,2005
Mary-Claire King,2005
Phylicia Rashad,2005
William R. Rhodes,2005
Sima Samar,2005
Philip A. Smith,2005
Geoffrey Canada,2006
Juliet V. Garcia,2006
Kay Redfield Jamison,2006
Friedrich St.Florian,2006
Suniti Solomon,2006
Paul A. Volcker,2006
Martin J. Granoff,2006
Ngozi Okonjo-Iweala,2006
Susan Hockfield,2006
Stanley M. Aronson,2007
Christopher J. Berman,2007
Kate Burton,2007
Scott S. Cowen,2007
Norman C. Francis,2007
Marvalene Hughes,2007
"Riley ""B.B."" King",2007
Craig C. Mello,2007
Samantha Power,2007
Edwidge Danticat,2008
Judith Jamison,2008
Matthew J. Mallow,2008
Charles Robert Redford,2008
Choon Fong Shih,2008
Wendy J. Strothman,2008
Maria T. Zuber,2008
Ellen Johnson Sirleaf,2008
Richard C. Barker,2009
Mary L. Elmendorf,2009
Jerald G. Fishman,2009
Jessie C. Gruman,2009
Jim Yong Kim,2009
David E. Saltzman,2009
Fareed Zakaria,2009
Trude Dothan,2009
Morgan Freeman,2010
Barbara Liskov,2010
Nelson Mandela,2010
Shahrnush Parsipur,2010
Cecile Richards,2010
David S. Rohde,2010
Romila Thapar,2010
Gordon S. Wood,2010
Herbert Kaplan,2011
Katie King Crowley,2011
Arianna Huffington,2011
Nicholas D. Kristof,2011
David B. Mumford,2011
John J. Nicholson,2011
Lynn Ida Nottage,2011
Lisa Randall,2011
Kenneth Roth,2011
David R. Scott,2011
Zhao Zhenkai,2011
Carolyn Bertozzi,2012
Viola Davis,2012
John Robert Lewis,2012
Marilynne Summers Robinson,2012
Sebastian A. Ruth,2012
Diane Sawyer,2012
Gene Sharp,2012
Ruth J. Simmons,2012
Wei Yang,2012
Benjamin Affleck,2013
Junot Díaz,2013
Stanley Falkow,2013
Beverly Wade Hogan,2013
Risa J. Lavizzo-Mourey,2013
Eduardo J. Padrón,2013
Beatrice E. Coleman,2014
Lee Eliot Berk,2014
Jeffrey Eugenides,2014
Arthur L. Horwich,2014
Mary Lou Jepsen,2014
Debra L. Lee,2014
Lois Lowry,2014
Nalini Moreshwar Nadkarni,2014
Thomas E. Perez,2014
Robert Anthony Corrigan,2015
Louise Lamphere,2015
David E. McKinney,2015
Tracee Ellis Ross,2015
Susan Solomon,2015
Kathryn D. Sullivan,2015
Cornelia Isabella Bargmann,2016
Thomas G. Catena ,2016
Umberto Crenca,2016
Angus Deaton,2016
Kevin Gover,2016
Antonia Hernández,2016
Jean Elizabeth Howard ,2016
Charles M. Rosenthal,2016
Robert De Niro,2017
Daveed Diggs ,2017
Donald C. Hood ,2017
Indra K. Nooyi,2017
Richard D. Parsons,2017
Rosmarie Waldrop,2017
