Theophilus Grew,1757
Paul Jackson,1757
Ebenezer Kinnersley,1757
Hector Alison,1759
John Ewing,1759
Thomas Barton,1760
Samuel Cooke,1760
Samuel Davies,1760
Robert Mckean,1760
Philip Reading,1760
Samson Smith,1760
Matthew Wilson,1760
Isaac Eaton,1761
Samuel Stillman,1761
Morgan Edwards,1762
Thomas Pollock,1762
John Simonton,1762
Isaac Smith,1762
Thomas Mckean,1763
John Miller,1763
John Rodgers,1763
Joseph Reed,1766
James Wilson,1766
David Rittenhouse,1767
John Parke,1771
John Simonton,1771
William Rogers,1773
John Parke,1775
James Ross,1775
James Davidson,1780
Justus Christian Henry Helmuth,1780
John Christopher Kunze,1780
William Marshall,1780
Henry Ernst Muhlenberg,1780
Thomas Paine,1780
Caspar Dietrich Weiberg,1780
William Barton,1781
William Bradford Jr.,1781
Patrick Alison,1782
François BarbÊ-Marbois,1782
Marie Bernard Borgella,1782
François Jean de Beauvoir Chevalier de Chastellux,1782
Jean François Coste,1782
Peter Stephen Duponceau,1782
Andrew Gregg,1782
Fiacre Robilliard,1782
Elihu Spencer,1782
Samuel Sterret,1782
William White,1782
John Christopher Kunze,1783
Samuel Magaw,1783
George Washington,1783
Robert Davidson,1784
Henry Melchior Muhlenberg,1784
Charles Thomson,1784
Justus Christian Henry Helmuth,1785
James Madison,1785
James Manning,1785
Thomas Mckean,1785
David Griffith,1786
Samuel Provoost,1786
Matthew Wilson,1786
Benjamin Smith Barton,1787
Marie Joseph Paul Yves Roch Gilbert du Motier Marquis de Lafayette,1787
Hugh Williamson,1787
Robert Blackwell,1788
Nicholas Collin,1788
Samuel Jones,1788
Robert Patterson,1788
Edward Bass,1789
David Johnson,1789
Samuel Kerr,1789
Samuel Parker,1789
Philip Reinhold Pauli,1789
Robert Smith,1789
Robert Annan,1790
Joseph Grove John Bend,1790
Samuel Blair,1790
Lawrence Girelius,1790
Francis Hopkinson,1790
Joseph Hutchins,1790
Vicesimus Knox,1790
William Rogers,1790
John Frederick Schmidt,1790
Edward Shippen,1790
James Wilson,1790
Ashbel Green,1791
Isaac Stockton Keith,1791
George Ralph,1795
Cunningham Semple Ramsay,1797
James Latta,1799
John Stuart,1799
John Blair Linn,1803
John Mitchell Mason,1804
Samuel Miller,1804
James Gray,1805
Philip Milledoler,1805
John Mcdowell,1807
Joseph Pilmore,1807
James G. Thomson,1807
William Tilghman,1807
Henry Waddell,1807
James Patriot Wilson,1807
Benjamin Contee,1808
Jeremiah Atwater,1811
Nathaniel Bowen,1813
John Sylvester John Gardner,1813
Frederick David Schaeffer,1813
Frederic Beasley,1815
Rufus King,1815
John Marshall,1815
Bushrod Washington,1815
John Daniel Kurtz,1816
Christian Frederick Lewis Endress,1819
William Gaston,1819
Samuel Farmar Jarvis,1819
James Milnor,1819
Robert Patterson,1819
Charles Smith,1819
James Kent,1820
Ambrose Spencer,1820
Daniel Stephens,1820
Bird Wilson,1821
Philip Frederic Mayer,1823
Eugenius Nulty,1823
John Churchill Rudd,1823
Henry Augustus Muhlenberg,1824
Joseph Spencer,1824
William Vincent Harold,1825
John George Schmucker,1825
Frederick William Geissenhainer,1826
John Gummere,1826
Patrick Torry,1826
Richard Peters Jr.,1827
John Spence,1828
John Cooper,1829
Eleazer Thompson Fitch,1829
Joseph Roberts,1829
Charles Sawkins Williams,1829
James Horner,1830
Richard Sharp Mason,1830
William Cooper Mead,1830
Joseph Spencer,1831
Joseph B. Ard,1832
Samuel Wylie Crawford,1832
Charles Rudolph DemmÉ,1832
John Peter Hecht,1832
Samuel Lewis Southard,1832
Edward Henry Courtenay,1834
Henry Darwin Rogers,1834
William Edward Wyatt,1836
Alexander Dallas Bache,1837
Henry William Ducachet,1837
Charles Philip Krauth,1837
Samuel Allen Mccoskry,1837
George Washington Bethune,1838
Christian Frederic CrusÊ,1838
William Radcliffe Dewitt,1838
Benjamin Dorr,1838
John Banister Gibson,1838
Henry Michael Mason,1838
George Boyd,1839
Jacob Miller,1839
Jehu Curtis Clay,1840
George Duffield,1840
Thomas Hartwell Horne,1840
John David Ogilby,1843
Martin Hans BoyÉ,1844
John Chapman Cresson,1844
Henry Jackson Morton,1844
Joseph Saxton,1844
John Penington,1845
William Mercer Green,1848
John Mcclintock Jr.,1848
William Bacon Stevens,1848
James Patriot Wilson,1848
Daniel Kirkwood,1852
William Henry Odenheimer,1856
Edwin Augustine Dalrymple,1857
Abram Newkirk Littlejohn,1858
Divie Bethune Mccartee,1858
James Lloyd Breck,1860
John Wylie Faires,1861
Abraham Rynier Van Nest Jr.,1861
Theophilus Adam Wylie,1861
Henry Eglinton Montgomery,1863
Richard Mason Abercrombie,1865
Samuel Cox Jr.,1865
Edwards Hedges,1865
Gottlob Frederick Krotel,1865
Henry CoppÉE,1866
Jacob Isidor Mombert,1866
Samuel Wylie Crawford Jr.,1867
George Allen,1868
Frederick Williamson Beasley,1868
James Wilkinson Dale,1868
Daniel Raynes Goodwin,1868
John Innes Clark Hare,1868
Henry Charles Lea,1868
John Wanner Loch,1868
Thomas Coffin Yarnall,1868
John Nesbit Conyngham,1869
Benjamin Wistar Morris,1869
Joseph Allison,1870
Frederick Carroll Brewster,1870
John Cadwalader,1870
James Ryley Ludlow,1870
Beale Melancthon Schmucker,1870
Charles Augustus Young,1870
Theodore Appel,1871
Lucius Barrows,1871
Thomas Frederick Davies,1871
Edward Abram Foggo,1871
Henry Erskine Duncan,1872
William Phillips Lewis,1872
Joseph Thomas,1872
George Emlen Hare,1873
William Kimbrough Pendleton,1873
Thomas Augustus Jagger,1874
John Agnew Crawford,1875
Claudius Henry Mastin,1875
Thomas Webb Richards,1875
Philip Friedrich Adolph Theodor Spaeth,1875
John William Wallace,1875
Samuel Stehman Haldeman,1876
Mark Antony de Wolfe Howe,1876
Charles George Currie,1877
Morton Mcmichael,1877
Hermann Joseph Schwarzmann,1877
Joseph Miller Wilson,1877
John Welsh,1878
Redmond Barry,1879
Horace Howard Furness,1879
Charles William Schaeffer,1879
Frederick Fraley,1880
Robert Alexander Lamberton,1880
James Abram Garfield,1881
Henry Martyn Hoyt,1881
George Washington Biddle,1882
Eli Kirk Price,1882
William Henry Rawle,1882
George Leib Harrison,1883
Isaac Sharpless,1883
William Wackernagel,1883
Henry Hartshorne,1884
Samuel David Gross,1884
Justin Smith Morrill,1884
Phineas Pemberton Morris,1884
Charles François Bonaventure Miel,1885
Hugh Archibald Clarke,1886
Joseph Parsons Comegys,1886
John Andrews Harris,1886
William Henry Klapp,1886
Joseph Dodgson Newlin,1886
Samuel Powel Jr.,1886
Patrick John Ryan,1886
Theodore Lorenzo Seip,1886
George Pomeroy Allen,1887
Edward Totterson Bartlett,1887
Ferdinand Vandevere Hayden,1887
Samuel D. Mcconnell,1887
Sabato Morais,1887
John Adam Ryder,1887
Robert Ellis Thompson,1887
David Hayes Agnew,1888
George Stuart Chambers,1888
Ezra Otis Kendall,1888
John Kemper Murphy,1888
George Dana Boardman,1889
George Davidson,1889
Cyrus David Foss,1889
John Foster Kirk,1889
Alfred StillÊ,1889
Seth Low,1890
William Wilberforce Newton,1890
David Burt Wilson,1890
Richard Green Moulton,1891
Robert Hamill Nassau,1891
Talcott Williams,1891
Jacob Mandes Dacosta,1892
William Wallace Gilchrist,1892
Richard Coxe Mcmurtrie,1892
François Amédée BrÉGy Jr.,1893
Daniel Garrison Brinton,1893
Hamilton Andrews Hill,1893
Isaac Jones Wistar,1893
Hamdy Bey,1894
John Fiske,1894
Casper René Gregory,1894
William Torrey Harris,1894
Alexander Harrison,1894
William Alexander Lamberton,1894
John Bach Mcmaster,1894
Charles Beylard Nancrede,1894
Robert Emory Pattison,1894
William Pepper,1894
George Tybout Purves,1894
Frederic Ward Putnam,1894
Sara Yorke Stevenson,1894
William Henry Welch,1894
William Ely,1895
John Henry Haynes,1895
Herman Volrath Hilprecht,1895
Merrill W. Hollingsworth,1895
John Punnett Peters,1895
Frederick Dawson Stone,1895
Joseph Brevitt Townsend,1895
Talcott Williams,1895
Louis Fitzgerald Benson,1896
Robert Graham,1896
J. Peter Lesley,1896
Henry Wilson Spangler,1896
Charles Janeway StillÊ,1896
Martin Russell Thayer,1896
Benjamin West Frazier,1897
Wayne Macveagh,1897
Henry Morton,1897
George Frederick Barker,1898
Agnes Irwin,1898
William Neilson Mcvickar,1898
Ozi William Whitaker,1898
William Bowen Boulton,1899
Alfred Craven Harrison Jr.,1899
Lucien Lee Kinsolving,1899
Louis Childs Madeira Jr.,1899
John Bayard Mcpherson,1899
Coleman Sellers,1899
Edgar Fahs Smith,1899
Elwood Worcester,1899
James Barr Ames,1900
Porfirio Diaz,1900
Gerard Brown Finch,1900
John Marshall Harlan,1900
Marcus Jastrow,1900
Charles Arthur Roe,1900
Oscar Solomon Straus,1900
Floyd William Tomkins,1900
Ting-fang Wu,1900
Charles Henry Alden,1901
John Hill Brinton,1901
John Sparhawk Jones,1901
George Wallace Melville,1901
James David Moffat,1901
Thomas Harrison Montgomery,1901
Clement Biddle Penrose,1901
Henry Codman Potter,1901
William L. Prather,1901
Henry Smith Pritchett,1901
George Woodward Wickersham,1901
Edwin Austin Abbey,1902
Nicholas Murray Butler,1902
Heinrich Conreid,1902
Charles Henry Cramp,1902
William Croswell Doane,1902
Oliver Wolcott Gibbs,1902
Hugh Thomas Henry,1902
David Jayne Hill,1902
Richard Mott Jones,1902
Edward Alexander Macdowell,1902
Willoughby Dayton Miller,1902
Agnes Repplier,1902
William Howard Taft,1902
Joseph Wharton,1902
Jesse Young Burk,1903
William Crawford Gorgas,1903
William Mansfield Groton,1903
Alexander Crombie Humphreys,1903
William Peterson,1903
John Singer Sargent,1903
Felix Emmanuel Schelling,1903
Francis Preston Venable,1903
Charles Doolittle Walcott,1903
John Grimes Walker,1903
Woodrow Wilson,1903
Leonard Wood,1903
Henry Pickering Bowditch,1904
Russell Henry Chittenden,1904
William Healey Dall,1904
George Dock,1904
Jean Adrien Antoine Jules Jusserand,1904
James Tyndale Mitchell,1904
Richard Henry Nelson,1904
Samuel Whitaker Pennypacker,1904
James Whitcomb Riley,1904
Sir Frederick Bart. Treves,1904
James Truman,1904
Hermann Von Speck-Sternburg,1904
Horatio Curtis Wood,1904
Charles Edgar Clark,1905
Henry Mortimer Durand,1905
Philander Chase Knox,1905
Theodore Roosevelt,1905
David Thompson Watson,1905
His Imperial Majesty Friedrich German Emperor and King of Prussia Wilhelm II (stricken),1905
Robert Simpson Woodward,1905
William Phipps Blake,1906
Alois Brandl,1906
William Keith Brooks,1906
Andrew Carnegie,1906
Hampton Lawrence Carson,1906
George Howard Darwin,1906
Hugo Devries,1906
Samuel Dickson,1906
His Majesty King of England Edward Vii,1906
John Fritz,1906
James Gayley,1906
Lloyd Carpenter Griscom,1906
James Addison Henry,1906
William Peddle Henszey,1906
Ramon Ibarrola,1906
Joseph Jacobs,1906
Edwin Ames Jaggard,1906
Hendrik Antoon Lorentz,1906
Alexander Mackenzie,1906
John William Mallet,1906
Edgar Marburg,1906
Guglielmo Marconi,1906
John Vaughan Merrick,1906
Mansfield Merriman,1906
Albert Abraham Michelson,1906
Edward Leamington Nichols,1906
William Paterson Paterson,1906
Edward Charles Pickering,1906
Charles Whiteside Rae,1906
William Clarence Richardson,1906
Ernest Rutherford,1906
William Berryman Scott,1906
Samuel Sheldon,1906
Edgar Fahs Smith,1906
Henry Wilson Spangler,1906
Frederic Pike Stearns,1906
Kanhiro Takaki,1906
Frederick Winslow Taylor,1906
Henry Van Dyke,1906
Samuel Matthews Vauclain,1906
Henri Vetillart,1906
His Majesty King of Italy Vittorio Emanuelle Iii,1906
George Washburn,1906
Thomas Bailey Aldrich,1907
Craig Biddle,1907
Arthur Erwin Brown,1907
Albert Joseph Edmunds,1907
John Watson Foster,1907
Rudolph Hering,1907
Oliver Huckel,1907
John Arthur Johnson,1907
Howard Atwood Kelly,1907
Hideyo Noguchi,1907
Leonard Pearson,1907
George Wharton Pepper,1907
Joseph George Rosengarten,1907
Thomas Watson Sidwell,1907
Horace Lemuel Wells,1907
Owen Wister,1907
Cecelia Beaux,1908
Henry Cadwalader Chapman,1908
Joseph Hodges Choate,1908
Edwin Grant Conklin,1908
Grove Karl Gilbert,1908
Lloyd Mifflin,1908
James Alan Montgomery,1908
Charles Edmund Rice,1908
Edwin Sydney Stuart,1908
John Lambert Cadwalader,1909
Samuel Gibson Dixon,1909
Edward Miller Jefferys,1909
Samuel McCune Lindsay,1909
Charles Follen Mckim,1909
Charles Bingham Penrose,1909
Felix Emmanuel Schelling,1909
John Thomson,1909
James Montgomery Beck,1910
Morris Lewis Clothier,1910
Charles Evans Hughes,1910
Samuel Rea,1910
Ethelbert Dudley Warfield,1910
George Smedley Webster,1910
Edward Potts Cheyney,1911
Walton Clark,1911
Henry Sturgis Drinker,1911
Basil Lanneau Gildersleeve,1911
Charles Custis Harrison,1911
Warren Powers Laird,1911
Thomas Riley Marshall,1911
Veranus Alva Moore,1911
James DeWolf Perry Jr.,1911
William Lawrence Saunders,1911
Johann Heinrich Von Bernstorff (stricken),1911
Alexander Crever Abbott,1912
Edwin Anderson Alderman,1912
John Cadwalader,1912
Louis Adolphus Duhring,1912
Carl Hering,1912
John Grier Hibben,1912
George Woolsey Hodge,1912
Horace Harmon Lurton,1912
William James Mayo,1912
Philip Mercer Rhinelander,1912
Edward Robins,1912
Joseph Swain,1912
James Tyson,1912
Henry Harbaugh Apple,1913
Paul Philippe Cret,1913
Edward Vincent D'Invilliers,1913
Henry Pomeroy Davison,1913
George Washington Goethals,1913
Phillips Lee Goldsborough,1913
Emory Richard Johnson,1913
Henry Spackman Pancoast,1913
George Morris Philips,1913
Henry Phipps,1913
Edward Tyson Reichert,1913
Witmer Stone,1913
Edward Livingston Trudeau,1913
George Edmund Deschweinitz,1914
Sydney George Fisher,1914
John Augustus William Haas,1914
Morris Jastrow Jr.,1914
Lucien Lee Kinsolving,1914
Hugo Albert Rennert,1914
Nathan Christ Schaeffer,1914
Edward Hartley Angle,1915
Green Vardiman Black,1915
Truman William Brophy,1915
Edwin Tyler Darby,1915
William Dieck,1915
Edouard Charles Godon,1915
Josiah Settle Graves,1915
John Graver Johnson,1915
Harry Frederick Keller,1915
Edward Cameron Kirk,1915
William Ephraim Mikell,1915
Robert Andrews Millikan,1915
John Howard Mummery,1915
William Simon,1915
Eugene Solomon Talbot,1915
Arthur Newell Talbot,1915
John Wanamaker,1915
John Torrey Windrim,1915
Jacob Hay Brown,1916
Horace Howard Furness Jr.,1916
Herbert Sherman Houston,1916
Margaret Center Klingelsmith,1916
Samuel Black Mccormick,1916
Charles Karsner Mills,1916
Bliss Perry,1916
Daniel Lincoln Wallace,1916
Robert Judson Aley,1917
William Wistar Comfort,1917
Arthur Maurice Greene Jr.,1917
Zane Grey,1917
Herbert Clark Hoover,1917
Joseph Jacques Césaire Joffre,1917
William Kelly Jr.,1917
Frederic Courtland Penfield,1917
Jacob Gould Schurman,1917
Leopold Stokowski,1917
Charles Franklin Thwing,1917
René Viviani,1917
Henry Galbraith Ward,1917
Frank Miles Day,1918
Robert Alexander Falconer,1918
Henry Page,1918
James Hosmer Penniman,1918
William Wallace Atterbury,1919
Arthur Hopewell-Smith,1919
William Williams Keen,1919
Charles Penrose Keith,1919
John Clark Knox,1919
Edward Martin,1919
Jonathan Willis Martin,1919
Harlan Sherman Miner,1919
Richard Montgomery,1919
Frederick Peterson,1919
Charles Lee Reese,1919
William Cameron Sproul,1919
John Frederick Wolle,1919
Albert Jeremiah Beveridge,1920
Thomas Edward Finegan,1920
Edward J. Fox,1920
William Henry Fox,1920
Herbert Adams Gibbons,1920
Robert Johnston,1920
John Muirhead Macfarlane,1920
Leslie William Miller,1920
Alfred Edward Newton,1920
George Boal Orlady,1920
Theodore William Richards,1920
William Sowden Sims,1920
Edgar Fahs Smith,1920
Francis Marion Taitt,1920
Henry Davis Todd Jr.,1920
Louis Cape Washburn,1920
Theophilous Parsons Chandler,1921
Marie Curie,1921
George Walter Dawson,1921
Herbert Edward Everett,1921
Ferdinand Foch,1921
Hobart Amory Hare,1921
Ernest Martin Hopkins,1921
William Rutherford Mead,1921
James Hartley Merrick,1921
William Romaine Newbold,1921
Paul Shorey,1921
Charles Howard Walker,1921
Arthur William Currie,1922
William Duane,1922
Josiah Harmar Penniman,1922
John Joseph Pershing,1922
George Arthur Piersol,1922
Edward Townsend Stotesbury,1922
Robert Von Moschzisker,1922
John Drew,1923
Richard Mott Gummere,1923
Chevalier Jackson,1923
Kenneth Gordon Matheson,1923
Andrew Jackson Montague,1923
Joseph John Thomson,1923
Sir Henry Worth Thornton,1923
Frank Aydelotte,1924
William Henry Bragg,1924
John Joseph Carty,1924
Cyrus Hermann Kotzschmar Curtis,1924
William Charles Lawson Eglin,1924
Charles Fabry,1924
Robert Heywood Fernald,1924
Clarence Stanley Fisher,1924
Walter E. Hering,1924
Charles Merrill Hough,1924
John Henry Maccracken,1924
Richard Beatty Mellon,1924
John Bassett Moore,1924
Charles Algernon Parsons,1924
Harold Pender,1924
James Taggart Priestley,1924
Edwin Wilbur Rice Jr.,1924
Frank Julian Sprague,1924
Edward Rhodes Stitt,1924
Ambrose Swasey,1924
Elihu Thomson,1924
Edward Weston,1924
Anne Hollingsworth Wharton,1924
Stanley Rhoads Yarnall,1924
Pieter Zeeman,1924
Herman Vandenburg Ames,1925
John Ashhurst,1925
Bertrand Dawson,1925
Boyd Edwards,1925
Livingston Farrand,1925
Charles Harrison Frazier,1925
Thomas James Garland,1925
Greville Haslam,1925
John Frederick Lewis,1925
Rudolph Matas,1925
Harry Alexander Matthews,1925
Charles Horace Mayo,1925
John Robbins Mohler,1925
Alfred Newton Richards,1925
Robert William Rogers,1925
John Carew Rolfe,1925
Ray Lyman Wilbur,1925
Hubert Work,1925
Florestan Aguilar,1926
Robert Anderson,1926
George Archibald Brakeley,1926
Alonzo Brown,1926
Olin Howard Burritt,1926
Ernst Cohen,1926
Prince Ginori Conti,1926
Walter Johannes Damrosch,1926
Wilson Eyre,1926
William Henry Gilmour,1926
George Byron Gordon,1926
William Guy,1926
James Colquhoun Irvine,1926
Edward Jackson,1926
Ernst Jessen,1926
Frank Billings Kellogg,1926
Leon Legrain,1926
William Draper Lewis,1926
Louis Childs Madeira Jr.,1926
Dwight Whitney Morrow,1926
Harris Peyton Mosher,1926
Robert Norwood,1926
Walter Robert Parker,1926
Hermann Prinz,1926
Paul Sabatier,1926
Henry Sturgis Dennison,1927
Howard Elliott,1927
Miles Farrow,1927
John Huston Finley,1927
John Ripley Freeman,1927
John Hays Hammond,1927
Josiah Calvin Mccracken,1927
Milton Bennett Medary Jr.,1927
Samuel Edmond Osbourn,1927
Charles Adams Platt,1927
Charles Williamson Richardson,1927
Abraham Simon Wolf Rosenbach,1927
George David Rosengarten,1927
Charles Michael Schwab,1927
Arthur Webster Thompson,1927
Edwin Mood Wilson,1927
James Meschter Anders,1928
Samuel Taylor Bodine,1928
John Stutchell Fisher,1928
Milton Jay Greenman,1928
Eldridge Reeves Johnson,1928
John James Rickard Macleod,1928
Robert Tait Mckenzie,1928
Andrew William Mellon,1928
Effingham Buckley Morris,1928
Frank Brett Noyes,1928
Sir Humphry Davy Bart. Rolleston,1928
Ernest Henry Schelling,1928
Charles Wesley Shreiner,1928
John Edward Zimmerman,1928
Francis Herman Bohlen,1929
Simon Flexner,1929
Herbert Funk Goodrich,1929
Herbert Eugene Ives,1929
Nicholas Longworth,1929
John Vaughan 3rd Merrick,1929
William Ephraim Mikell,1929
William Augustus Redding,1929
Owen Josephus Roberts,1929
Cyrus Adler,1930
Edward E. Allen,1930
Clarence Griffin Child,1930
James Francis Cooke,1930
Hugh Smith Cumming,1930
Walter Morley Fletcher,1930
John Marshall Gest,1930
Cheesman Abiah Herrick,1930
Archibald Vivian Hill,1930
James Ramsay Hunt,1930
William Gerry Morgan,1930
Julio Prestes,1930
Theobald Smith,1930
Alfred Stengel,1930
Alonzo Englebert Taylor,1930
Henry Gordon Thunder,1930
Alexander Von Lichtenberg,1930
William Henry Welch,1930
Cyrus E. Woods,1930
Edgar Douglas Adrian,1931
Charles Ezra Beury,1931
Gilbert Haven Fall,1931
Thomas Sovereign Gates,1931
Solomon Stephen Huebner,1931
Joanna Wharton Lippincott,1931
Horatio Gates Lloyd,1931
George William Mcclelland,1931
Howard Mcclenahan,1931
James DeWolf Perry Jr.,1931
Arthur H. Quinn,1931
George Franklin Rand,1931
Leo Stanton Rowe,1931
Olga Samaroff,1931
Henry Lewis Stimson,1931
Cornelius Weygandt,1931
Daniel Willard,1931
Robert Sessions Woodworth,1931
Henry Newbold Woolman,1931
Mary Louise Curtis Bok,1932
Benjamin Nathan Cardozo,1932
William Purves Gest,1932
Barton Cooke Hirst,1932
Warren Powers Laird,1932
Roland Sletor Morris,1932
William Pepper,1932
Alfred Newton Richards,1932
Harlow Shapley,1932
Thomas Shaw,1932
Alexander Van Rensselaer,1932
Joseph Sweetman Ames,1933
Arthur Henry Reginald Buller,1933
Charles W. Burr,1933
Samuel Paul Capen,1933
Luther Pfahler Eisenhart,1933
Robert Almer Harper,1933
Milo Hellman,1933
Joseph Hofmann,1933
Horace Howard Furness Jayne,1933
Herbert Spencer Jennings,1933
Abbott Lawrence Lowell,1933
Albert Hawley Lucas,1933
John Valentine Mershon,1933
Leroy Matthew Simpson Miner,1933
Marion Edwards Park,1933
Alfred Rigling,1933
Horace Stern,1933
Charles Root Turner,1933
Frederic James Eugene Woodbridge,1933
John Gabbert Bowman,1934
Edwin Cornelius Broome,1934
Charles Meigs Biddle Cadwalader,1934
Dorothy Harrison Eustis,1934
Ralph Dorn Hetzel,1934
James Noble Rule,1934
William Gibson Spiller,1934
Harlan Fiske Stone,1934
Thomas Whitney Surette,1934
Isaiah Bowman,1935
Robert Sellers Frazer,1935
Jessie Gray,1935
Learned Hand,1935
Louis Amos Klein,1935
William Mather Lewis,1935
Joshua Bertram Lippincott,1935
Clarence James Marshall,1935
Alfred Edward Newton,1935
Charles Russ Richards,1935
Leunis Van Es,1935
George Woodward Wickersham,1935
Gustavus Wynne Cook,1936
Harold Willis Dodds,1936
Joseph Erlanger,1936
Robert Frost,1936
Herbert Spencer Gasser,1936
Richard Knowles,1936
John Campbell Merriam,1936
James Grafton Rogers,1936
Otis Skinner,1936
Walter Brooke Stabler,1936
Kaj Birket-Smith,1937
Vere Gordon Childe,1937
Martin Withington Clement,1937
Fred Pierce Corson,1937
Edmund Ezra Day,1937
Samuel Smith Drury,1937
Samuel Simeon Fels,1937
Dorothy Annie Elizabeth Garrod,1937
Cordell Hull,1937
John William Kephart,1937
Eugene Ormandy,1937
Florence Rena Sabin,1937
Herbert James Tily,1937
Joseph Wayne Jr.,1937
Lightner Witmer,1937
James Rowland Angell,1938
George David Birkhoff,1938
Wollmar Filip Bostrom,1938
Katherine Cornell,1938
Arthur Louis Day,1938
Johannes Sigfrid Edstrom,1938
H.R.H. Crown Prince of Sweden Gustav Adolf,1938
Augustus Noble Hand,1938
Gilbert Newton Lewis,1938
Herbert Meredith Marler,1938
Louis Martin,1938
Thomas Hunt Morgan,1938
John Duncan Spaeth,1938
James Isaac Wendell,1938
Charlotte Carr,1939
Ernest Charles Earp,1939
John Louis Haney,1939
Joel Henry Hildebrand,1939
Samuel Frederic Houston,1939
Edward Johnson,1939
William Huestis Keller,1939
Edward Warloch Mumford,1939
Francis Randolph Packard,1939
Josiah Harmar Penniman,1939
William Irwin Schaffer,1939
Joseph Henry Willits,1939
John Alexander,1940
William Nickerson Bates,1940
William Henry Beveridge,1940
Henry Wolf BiklÉ,1940
Herbert Eugene Bolton,1940
Cornelius Brett Boocock,1940
John Stewart Bryan,1940
Willa Cather,1940
Charles Cestre,1940
William Mansfield Clark,1940
James Bryant Conant,1940
William Henry Donner,1940
Lyman Poore Duff,1940
William James Entwhistle,1940
Etienne Gilson,1940
Evarts Ambrose Graham,1940
Frank Pierrepont Graves,1940
Samuel McClintock Hamill,1940
Lawrence Joseph Henderson,1940
Herbert Clark Hoover,1940
Arthur Charles Howland,1940
Arthur Horace James,1940
John Story Jenks,1940
Herbert Spencer Jennings,1940
Frank Baldwin Jewett,1940
Elizabeth Forrest Johnson,1940
Carl Kelsey,1940
Conrad Newton Lauer,1940
James Pendleton Lichtenberger,1940
William Ezra Lingelbach,1940
Horace Mather Lippincott,1940
Jacques Maritain,1940
Clarence Erwin Mcclung,1940
George Herbert Meeker,1940
Wesley Clair Mitchell,1940
Charles Samuel Myers,1940
Reinhold Niebuhr,1940
George Stewart Patterson,1940
Frederick Logan Paxson,1940
Henry Augustus Pilsbry,1940
William E. Rappard,1940
Fritz Reiner,1940
William Procter Remington,1940
David Riesman,1940
Franklin Delano Roosevelt,1940
John Ahlum Schaeffer,1940
Albert Schinz,1940
Charles Seymour,1940
Hu Shih,1940
Harold Paul Sloan,1940
Philip Clayton Staples,1940
Alexander Jerry Stoddard,1940
Carl Van Doren,1940
Alan John Bayard Wace,1940
Hermann Weyl,1940
James Thomas Young,1940
Archibald Macleish,1941
Felix Muskett Morley,1941
John William Nason,1941
John Joseph Shaw,1941
Sarah Logan Wister Starr,1941
Francis Henry Taylor,1941
Richard Wilson,1941
Vannevar Bush,1942
Rex Stowers Clements,1942
Henry Sandwith Drinker,1942
Douglas Southall Freeman,1942
Oliver James Hart,1942
George Howard Johnson,1942
Robert Livingston Johnson,1942
Ernest Orlando Lawrence,1942
Katharine Elizabeth Mcbride,1942
Remsen Brinckerhoff Ogilby,1942
Edward Kennard Rand,1942
Wilbert Barnes Smith,1942
Adolphus Eugene Watson,1942
Lewis Hill Weed,1942
William Loren Batt,1943
Edwin Grant Conklin,1943
Rufus Henry Fitzgerald,1943
Ernest Hutcheson,1943
George Johnson,1943
Edward Martin,1943
George Wendell Maxey,1943
Joyce (Jan Struther) Maxtone-Graham,1943
Mildred Helen Mcafee,1943
John Edwin Pomfret,1943
Henning Webb Prentis Jr.,1943
James Steven Simmons,1943
Milo Frederick Draemel,1944
Charles Francis Jenkins,1944
Jacob Clemens Kolb,1944
George Simpson Koyl,1944
Ralph Barton Perry,1944
Edgar Arthur Singer Jr.,1944
Eldridge Lyon Eliason,1945
Alexander Fleming,1945
Virginia Crocheron Gildersleeve,1945
John Flagg Gummere,1945
Fiske Kimball,1945
Edward Felix Kloman,1945
Abraham Aaron Neuman,1945
Samuel Torrey Orton,1945
Walden II Pell,1945
Florence Barbara Seibert,1945
Leslie Richard Severinghaus,1945
Edward Valentine Stanford,1945
Arthur T. Vanderbilt,1945
Harry Shultz Vandiver,1945
Leonard Augustus Yerkes,1945
Henry Harley Arnold,1946
Edwin Garrigues Boring,1946
John Dewey,1946
Robert Herndon Fife,1946
Geoffrey Francis Archbishop of Canterbury Fisher,1946
Henry Herbert Goddard,1946
Wolfgang Kohler,1946
William Shaneline Middleton,1946
Julius Robert Oppenheimer,1946
Quo Tai-Chi,1946
Lewis Madison Terman,1946
Henry St. George Tucker,1946
George Woodward,1946
Efrem Zimbalist,1946
George Frederick Zook,1946
Roger Adams,1947
Chester Irving Barnard,1947
Revelle Wilson Brown,1947
Paul Foster Clark,1947
James Creese,1947
James Henderson Duff,1947
Dwight David Eisenhower,1947
Roland Grubb Kent,1947
Charles Summerfield Redding,1947
Lessing Julius Rosenwald,1947
Sarah Gibson Blanding,1948
James Francis Byrnes,1948
James Byron Drew,1948
George Keith Funston,1948
Walter Woodburn Hyde,1948
William Bomberger Linn,1948
Esmond Ray Long,1948
John Harrison Minnick,1948
Merle Middleton Odgers,1948
Harold Edward Stassen,1948
Detlev Wulf Bronk,1949
Ralph Johnson Bunche,1949
John Foster Dulles,1949
William Wilcox Edel,1949
Thomas Ignatius Parkinson,1949
Alfred Henry Sturtevant,1949
Thomas Knight Finletter,1950
Walter Simonds Franklin,1950
Paul Gray Hoffman,1950
Edwin Roulette Keedy,1950
Ernest Minor Patterson,1950
Margie Alice Smith,1950
Paul-Henri Spaak,1950
John Von Neumann,1950
Elizabeth Cecelia Berrang,1951
Anne Bezanson,1951
Robin Carl Buerki,1951
Hugh Latimer Dryden,1951
John Sydney Fine,1951
William Howard Fineshriber,1951
Albert Anthony Giesecke,1951
James Rhyne Killian Jr.,1951
Joseph Pennell,1951
Conyers Read,1951
Alfred Hector Williams,1951
Williams Biddle Cadwalader,1952
Frederick Sumner Mckay,1952
Lester Weldon Nelson,1952
Franklin Haines Price,1952
David Sarnoff,1952
Boyd Lee Spahr,1952
William Carlos Williams,1952
Henry Merritt Wriston,1952
James Burns Amberson,1953
William Blum,1953
Van Wyck Brooks,1953
Herbert Kurtz Cooper,1953
Milton Stover Eisenhower,1953
Edith Hamilton,1953
Gaylord Probasco Harnwell,1953
Harold Hillenbrand,1953
Edward Hopkinson Jr.,1953
Harry Elmer Humphreys Jr.,1953
Thomas Bayard Mccabe,1953
Robert Thompson Mccracken,1953
Thomas Parran,1953
Elizabeth Kerr Porter,1953
Isidor Schwaner Ravdin,1953
Harold Vincent Smith,1953
Dag HammarskjØLd,1954
Alfred Bennett Harbage,1954
Robert Henry Ivy,1954
Mervin Joe Kelly,1954
Grayson Louis Kirk,1954
Willis Eugene Lamb Jr.,1954
Joseph Folwell Scull Jr.,1954
Charles Edward Wyzanski Jr.,1954
Caleb Canby Balderston,1955
Catherine Drinker Bowen,1955
Leroy Edgar Chapman,1955
Charles Wendell David,1955
Oveta Culp Hobby,1955
George Howe,1955
Karl Spencer Lashley,1955
Franklin David Murphy,1955
William Bradford Shockley,1955
Alvin Duke Chandler,1956
Thomas Sovereign Gates Jr.,1956
Alfred Whitney Griswold,1956
Mary Gibson Henry,1956
Thomas Malcolm Knox,1956
Simon Smith Kuznets,1956
Henry Cabot Lodge Jr.,1956
Kenjiro Matsumoto,1956
Nathan Marsh Pusey,1956
Alic Halford Smith,1956
Allen Michener Stearne,1956
Otto Struve,1956
Axel Hugo Theorell,1956
Earl Warren,1956
Walter Gordon Whitman,1956
William Joseph Brennan Jr.,1957
Arthur Gardiner Coons,1957
Cleo Frank Craig,1957
John Anthony Diemand,1957
Henry Richard Dietrich,1957
Bernard Feustman Gimbel,1957
Frank Cyril James,1957
Charles Alvin Jones,1957
Clarence Mahlon Kline,1957
George Michael Leader,1957
Sydney Errington Martin,1957
William McChesney Martin Jr.,1957
George Meany,1957
Mabel Newcomer,1957
Joseph Russell Smith,1957
Lewis Lichtenstein Strauss,1957
Stanley Ferdinand Teele,1957
Marian Anderson,1958
Willy Brandt,1958
Arthur Frank Burns,1958
Ralph Erskine Cleland,1958
Robert Dechert,1958
Harold Wells Gilbert,1958
Robert Francis Goheen,1958
Arthur Lehman Goodhart,1958
George Morris Piersol,1958
Sigmund Skard,1958
Courtney Craig Smith,1958
Edwin Bucher Williams,1958
Robert Stevenson Aitken,1959
Jasper Yeates Brinton,1959
Ralph Connor,1959
Althea Hallowell Kratz Hottel,1959
Dana Greenleaf How,1959
Joseph Victor Klauder,1959
David Leo Lawrence,1959
Esther Lazarus,1959
Hadleigh Marsh,1959
Robert Franklin Mehl,1959
Karl Friedrich Meyer,1959
Isaac Warner Roberts,1959
Virginia Pollard Robinson,1959
Richard Edwin Shope,1959
William Christopher Stadie,1959
John Cromwell Bell,1960
Millard Elwood Gladfelter,1960
Nelson Glueck,1960
George Bogdan Kistiakowski,1960
John William Knutson,1960
John William Mauchly,1960
John Jay Mccloy,1960
Jonathan Evans Rhoads,1960
Lauriston Sale Taylor,1960
Jacob Viner,1960
Eric Arthur Walker,1960
Arthur Stanton Adams,1961
Albert Croll Baugh,1961
Henry LeRoy Bockus,1961
Hugh Borton,1961
Francis Boyer,1961
Richardson Dilworth,1961
Crawford Hallock Greenewalt,1961
Edward George Harris,1961
William Henry Hastie,1961
Eugene Ormandy,1961
Arnold Joseph Toynbee,1961
Eugene Paul Wigner,1961
John Chipman,1962
Merle Eugene Curti,1962
James Frederic Dewhurst,1962
Clarence Douglas Dillon,1962
Henry Francis Du Pont,1962
Ahmed Fakhry,1962
Félix Houphouet-Boigny,1962
John Frederick Lewis Jr.,1962
Percy Childs Madeira Jr.,1962
Adolfo Molina-Orantes,1962
Muhammed Reza Shah Pahlavi,1962
Hans Rademacher,1962
John Eric Sidney Thompson,1962
Joseph Treloar Wearn,1962
George Dunton Widener,1962
William Norman Brown,1963
Joseph Sill Clark,1963
Lammot duPont Copeland,1963
Andrew Wellington Cordier,1963
Walter Gellhorn,1963
Alfred Irving Hallowell,1963
John Marshall Harlan,1963
Christian Archibald Herter,1963
Charles Peter Beauchamp Jeffreys,1963
Francis Keppel,1963
Giuseppe Moruzzi,1963
Henry Rawle Pemberton,1963
John Alanson Perkins,1963
Sarvepalli Radhakrishnan,1963
William Abraham Schnader,1963
David Van Pelt,1963
George Wells Beadle,1964
John Presper Eckert,1964
John Franklin Enders,1964
Roy Forbes Harrod,1964
Arthur Kornberg,1964
Severo Ochoa,1964
Rosemary Park,1964
William Warren Scranton,1964
Lawrence Baker Sheppard,1964
Wendell Meredith Stanley,1964
Joseph Stokes Jr.,1964
Marietta Peabody Tree,1964
Marvin Wachman,1964
George Packer Berry,1965
Kingman Brewster Jr.,1965
John Bruce,1965
George Washington Corner,1965
Rene Jules Dubos,1965
John Heysham Gibbon,1965
Wilfred Donnell Gillen,1965
Lister Hill,1965
Seymour Solomon Kety,1965
Hans Adolf Krebs,1965
Richard King Mellon,1965
Charles Coolidge Parlin,1965
Carl Frederic Schmidt,1965
Georg Von BÉKÉSy,1965
Walter Hubert Annenberg,1966
William Bosworth Castle,1966
Ronald Salmon Crane,1966
Glenn Raymond Morrow,1966
John Newsom,1966
Roy Franklin Nichols,1966
Jean Piaget,1966
Edgar Preston Richardson,1966
Howard Lane Rubendall,1966
Hugh Scott,1966
Roger Huntington Sessions,1966
Robert Clifton Weaver,1966
Howard III Butcher,1967
Aaron Everly Carpenter,1967
Charles Klein,1967
Seymour Jacob Kreshover,1967
Nils LagerlÖF,1967
Benjamin Dean Meritt,1967
James Alfred Perkins,1967
Raymond Philip Shafer,1967
Robert Ernest Spiller,1967
Esther du Pont Thouron,1967
Charles Raymond Whittlesey,1967
Frank Learoyd Boyden,1968
John Royston Coleman,1968
Jacob Furth,1968
Frederick Mortimer Graves,1968
Neal Elgar Miller,1968
William Samuel Paley,1968
Johan Thorsten Sellin,1968
John Archibald Wheeler,1968
Elmer Holmes Bobst,1969
Robert Bruce Brown,1969
Otis Howard Green,1969
Barbara Ward Jackson,1969
Samuel Noah Kramer,1969
Marshall Warren Nirenberg,1969
Stuart Thomas Saunders,1969
Bernard Gerard Segal,1969
Randall Thompson,1969
Orville Horwitz Bullitt,1970
Jefferson Barnes Fordham,1970
David Rockwell Goddard,1970
Jerzy Konorski,1970
Charles Martin,1970
Martin Meyerson,1970
Ieoh Ming Pei,1970
Dorothy Swaine Thomas,1970
Robert Dougherty Cross,1971
William Lang Day,1971
Haldan Keffer Hartline,1971
Philip Bernhard Hofmann,1971
Louis Isadore Kahn,1971
Virginia Harrington Wright Knauer,1971
Harold Smith Prince,1971
David Riesman,1971
Leon Howard Sullivan,1971
George William Taylor,1971
Rexford Guy Tugwell,1971
Francis Clark Wood,1971
William Gordon Bowen,1972
Thomas Childs Cochran,1972
Robert Galbraith Dunlop,1972
Nancy Hanks,1972
John Hilton Knowles,1972
Yu Hsiu Ku,1972
Harold Francis Linder,1972
The Rt. Hon. Earl of Burma K. G. Mountbatten,1972
Emily Hartshorne Mudd,1972
George Holmes Perkins,1972
Donald Thomas Regan,1972
Andrew Wyeth,1972
Christian Boehmer Anfinsen,1973
Mary Eakin Crooks,1973
Leonard Davis,1973
Gerald Maurice Edelman,1973
Jerome Heartwell Holland,1973
Roy Harris Jenkins,1973
Clark Kerr,1973
Leon Levy,1973
John Robert Schrieffer,1973
Ernest Scott,1973
George Pratt Shultz,1973
Louise Elkins Sinkler,1973
Morris Simon Viteles,1973
Willis Jay Winn,1973
Sadie Tanner Mossell Alexander,1974
William Oliver Baker,1974
Louis Barkhouse Flexner,1974
Richard Buckminster Fuller,1974
Grace Murray Hopper,1974
Talcott Parsons,1974
Howard Charles Petersen,1974
John Robinson Pierce,1974
Cyril Stanley Smith,1974
Sarkes Tarzian,1974
Morris Wolf,1974
Harold Lionel Zellerbach,1974
Assadollah Alam,1975
Edward J. Bloustein,1975
William Gordon Bowen,1975
Gerald Rudolph Ford,1975
Thomas Ashley Graves Jr.,1975
Hrothgar John Habakkuk,1975
Avraham Harman,1975
Aloysius Leon Higginbotham Jr.,1975
Matina Souretis Horner,1975
Donald Frederick Hornig,1975
John George Kemeny,1975
Francis Stewart Leland Lyons,1975
Walton Brooks Mcdaniel,1975
William James Mcgill,1975
Farhang Mehr,1975
Alice Rosemary Murray,1975
Hugh Norwood Robson,1975
John Steven Watson,1975
Charles Haynes Wilson,1975
Edward Maitland Wright,1975
Daniel Aaron,1976
Kenneth Joseph Arrow,1976
John Bardeen,1976
Warren Earl Burger,1976
William Thaddeus Coleman Jr.,1976
Henry Steele Commager,1976
Marcus Falkner Cunliffe,1976
James Anderson Depriest,1976
John Thomas Dunlop,1976
Thomas Irwin Emerson,1976
Benjamin Franklin,1976
James William Fulbright,1976
Valéry Giscard D'Estaing,1976
Israel Goldstein,1976
Henry Russell Hitchcock,1976
Shirley Mount Hufstedler,1976
Ivor Nöel Hume,1976
Hugh Esmor Huxley,1976
Ada Louise Huxtable,1976
Philip Caryl Jessup,1976
Howard Mumford Jones,1976
Leonid Vital'evich Kantorovich,1976
Carl Kaysen,1976
Tjalling Charles Koopmans,1976
Simon Smith Kuznets,1976
Harold Dwight Lasswell,1976
Wassily W. Leontief,1976
Edward Hirsch Levi,1976
Margaret Mead,1976
Clarence Morris,1976
Vernon Benjamin Mountcastle Jr.,1976
Sir Nikolaus Pevsner,1976
Curt Paul Richter,1976
Lionel Charles Robbins,1976
Walter Alter Rosenblith,1976
Paul Anthony Samuelson,1976
Edward Shils,1976
Frank Stanton,1976
Joan duPlat Taylor,1976
Howard Martin Temin,1976
Robert Orville Anderson,1977
Gwendolyn Brooks,1977
Ernst Hans Josef Gombrich,1977
Hubert Horatio Humphrey,1977
Eleanor Biddle Lloyd,1977
Saunders Maclane,1977
Eugene Percival Pendergrass,1977
Art Buchwald,1978
Lester William Burket,1978
Julius Hiram Comroe Jr.,1978
Clifton Orrin Dummett,1978
Pierre Emmanuel,1978
Robert Frank,1978
Hans Frauenfelder,1978
Henry Maurice Goldman,1978
Louis Irwin Grossman,1978
Patricia Roberts Harris,1978
Theodore Martin Hesburgh,1978
Wilton Marion Krogman,1978
Gordon Norton Ray,1978
Harold Glendon Scheie,1978
John Haines III Ware,1978
Ruth Josephine Dean,1979
William Theodore Golden,1979
Joshua Lederberg,1979
Charles Brelsford Mccoy,1979
Wade Hampton Mccree,1979
Robert King Merton,1979
Garry Trudeau,1979
Jacqueline Grennan Wexler,1979
Charles Samuel Addams,1980
The Lord Annan,1980
Nnamdi Azikiwe,1980
Reginald Harold Jones,1980
Sol Myron Linowitz,1980
Jerre Gerlando Mangione,1980
James Albert Michener,1980
Robert Venturi,1980
Chien-Shiung Wu,1980
Peter Ferdinand Drucker,1981
John Hope Franklin,1981
Vernon Eulion Jordan Jr.,1981
Stella Kramrisch,1981
Robert Strange Mcnamara,1981
Paul Fetterolf Miller Jr.,1981
Sybil Collins Mobley,1981
Lyman Cunningham Ogilby,1981
Francis Otto Schmitt,1981
Elmer Boyd Staats,1981
Sterling Allan Brown,1982
Helen Octavia Dickens,1982
E. Jules Francois,1982
Nelson Goodman,1982
Carl Kupfer,1982
Es'kia Mphalele,1982
Arnall Patz,1982
Charles Louis Schepens,1982
Robert Lincoln Trescher,1982
Torsten Nils Wiesel,1982
Edwin 2nd Wolf,1982
Comer Vann Woodward,1982
John Harrison Burnett,1983
Henry Martyn II Chance,1983
Ansley Johnson Coale,1983
Norman Christopher Francis,1983
Shelomo Dov Goitein,1983
Ellen Holtz Goodman,1983
Fritz Otto Haas,1983
Sir George Porter,1983
Chaim Potok,1983
Charles Coale Price,1983
Jessie May Scott,1983
Glenn Theodore Seaborg,1983
Isaac Starr,1983
Jerome Bert Wiesner,1983
Esmond Wright,1983
Mark Whittier Allam,1984
Edmund Norwood Bacon,1984
August Adolphus III Busch,1984
Roger Andrew Caras,1984
Avram Noam Chomsky,1984
Mildred Cohn,1984
Fitz Eugene Dixon Jr.,1984
John Whiley Eckman,1984
Rudolf Fankhauser,1984
W. Wilson Goode,1984
Carolyn G. Heilbrun,1984
Sir Andrew Fielding Huxley,1984
Ainsley Iggo,1984
Charles Poor 2nd Kindleberger,1984
Arthur Asher Miller,1984
John Brown Neff,1984
Susumu Ohno,1984
Ruth Patrick,1984
Benjamin Quarles,1984
Theodora Ayer Randolph,1984
Margaret McGrath Rockefeller,1984
Andrei Dmitriyevich Sakharov,1984
Ernest Jackson Lawson Soulsby,1984
Otto Springer,1984
André Watts,1984
Nochem Samuel Winnet,1984
Leonore Annenberg,1985
Lillian Sholtis Brunner,1985
Britton Chance,1985
Edward Emil David Jr.,1985
Marian Wright Edelman,1985
Samuel Eilenberg,1985
Danny Kaye,1985
Katherine Anne Kendall,1985
Thomas Adeoye Lambo,1985
Donald Newton Langenberg,1985
Harold Lewis,1985
Ruth Watson Lubic,1985
Margaret Redfield Mainwaring,1985
Mary Patterson Mcpherson,1985
George Almon Munger,1985
Hilary Whitehall Putnam,1985
George Rochberg,1985
David Elliott Rogers,1985
Henry Salvatori,1985
Roland Walter Schmitt,1985
Thelma Mermelstein Schorr,1985
Frederick Seitz,1985
Julius Axelrod,1986
Michael Stuart Brown,1986
Rebecca Jean Brownlee,1986
Athol Harold Lanigan Fugard,1986
Charles Antony Richard Hoare,1986
Richard Manning Karp,1986
Donald Ervin Knuth,1986
Estée Lauder,1986
Allen Newell,1986
Herman Paul Schwan,1986
Lawrence Stone,1986
John Edgar Wideman,1986
Robert Austrian,1987
Thomas Ehrlich,1987
Kent Vaughn Flannery,1987
Edgar Kaufmann Jr.,1987
Margaret Eliza Kuhn,1987
Bernard Lewis,1987
Floyd Glenn Lounsbury,1987
Machteld Johanna Mellink,1987
Riccardo Muti,1987
Erica Reiner,1987
Robert Bocking Stevens,1987
David Mackenzie Wilson,1987
Joseph William Burk,1988
Ornette Coleman,1988
Anne D'Harnoncourt (Rishel),1988
Charles Denston Dickey Jr.,1988
William Herbert III Gray,1988
Vartan Gregorian,1988
Henry Max Hoenigswald,1988
Chloe Anthony Morrison,1988
Patricia Scott Schroeder,1988
Edward Digby Baltzell,1989
Ruth Wright Hayre,1989
Arnold Seymour Relman,1989
Janet Davison Rowley,1989
Mike Wallace,1989
Baruch Samuel Blumberg,1990
Barbara Pierce Bush,1990
William Henry Cosby Jr. (stricken),1990
Raymond Davis Jr.,1990
Balkrishna Vithaldos Doshi,1990
Joseph Esherick,1990
Izrael Moiseevich Gelfand,1990
Jane Goodall,1990
Lawrence Halprin,1990
Charles Everett Koop,1990
Akio Morita,1990
Sir Peter Shepheard,1990
Sir David Cecil Smith,1990
Faye Wattleton,1990
Tatyana Ivanovna Zaslavskaya,1990
Stephen Jay Gould,1991
Judith Jamison,1991
Ted Koppel,1991
Turgut Ozal,1991
James Bennett Pritchard,1991
Claude E. Shannon,1991
Rebecca Pepper Sinkler,1991
Charles Samuel Wolf,1991
K. Jon Barwise,1992
Candice Bergen,1992
Rupert E. Billingham,1992
John R. Casani,1992
James P. Comer,1992
Natalie Zemon Davis,1992
Chen Fu Koo,1992
Ismail Mahomed,1992
Arno A. Penzias,1992
Arthur Ross,1992
Miriam Ben-Porat,1993
Jeanne Quint Benoliel,1993
Hillary Rodham Clinton,1993
Alfred Gellhorn,1993
Francis Sheldon Hackney,1993
Lucy Judkins Durr Hackney,1993
Ralph Landau,1993
William Julius Wilson,1993
Gloria Twine Chisum,1994
Henry G. Cisneros,1994
Claire M. Fagin,1994
Mary Ellen Mark,1994
Denise Scott Brown,1994
Samuel O. Thier,1994
PHILIP V. Tobias,1994
Jane Alexander,1995
Stanley Norman Cohen,1995
Mary Maples Dunn,1995
Harry Barkus Gray,1995
Emmanuel Le Roy Ladurie,1995
Alvin Varner Shoemaker,1995
Donald M. Stewart,1995
Tom Brokaw,1996
Rita Dove,1996
Helen Frankenthaler,1996
Moshe Greenberg,1996
Jon M. Huntsman,1996
Arnold J. Levine,1996
Nabeel Sha'Ath,1996
Maurice Wilkes,1996
Shirley Sears Chater,1997
William H. Danforth,1997
Gary Graffman,1997
Richard A. Posner,1997
Louis Sokoloff,1997
Simone Veil,1997
Charles Kaufman II Williams,1997
Ahmed H. Zewail,1997
Arlin M. Adams,1998
Jimmy Carter,1998
Francis S. Collins,1998
Frank Moore Cross,1998
Alan Greenspan,1998
Jessye Norman,1998
Stanley B. Prusiner,1998
Isabella Lugoski Karle,1999
Billie Jean King,1999
Gerda Lerner,1999
Robert E. Rubin,1999
Earl Reece Stadtman,1999
P. Roy Vagelos,1999
John N. Bahcall,2000
Mary Douglas,2000
Ronald Dworkin,2000
Seamus Heaney,2000
Wynton Marsalis,2000
Edward G. Rendell,2000
Peter C. Doherty,2001
Elizabeth Plater-Zyberk,2001
Andrés M. Duany,2001
Daniel Kahneman,2001
John S. Mccain,2001
Ruth J. Simmons,2001
Joan Ganz Cooney,2002
Eric Hobsbawm,2002
Irwin Jacobs,2002
Jim Lehrer,2002
Richard Smalley,2002
Stephen Breyer,2003
Herbert J. Gans,2003
Sadako Ogata,2003
Mamphela Aletta Ramphele,2003
Philip Roth,2003
Desmond Tutu,2003
Bono,2004
Elizabeth Blackburn,2004
Lee Friedlander,2004
Jaroslav Pelikan,2004
Max Roach,2004
Judith Rodin,2004
Kofi Annan,2005
Quincy Jones,2005
Saul Kripke,2005
Ralph Roberts,2005
Judy Woodruff,2005
Nancy Fugate Woods,2005
Jodie Foster,2006
Henry Louis Gates Jr.,2006
Shirley Ann Jackson,2006
Lawrence Klein,2006
Judith Pollock Klinman,2006
Steve Wynn (stricken),2006
James A. Baker Iii,2007
Aaron Temkin Beck,2007
Caroline W. Bynum,2007
Mildred Dresselhaus,2007
Aretha Franklin,2007
Shirley Franklin,2007
Ruth Bader Ginsburg,2007
Michael Bloomberg,2008
Paquito D'Rivera,2008
Drew Gilpin Faust,2008
Lila Gleitman,2008
Bert W. O'Malley,2008
Cyril Ramaphosa,2008
Neil deGrasse Tyson,2008
Yvon Chouinard,2009
George H. Crumb,2009
Jennifer Yvonne Mokgoro,2009
Eric E. Schmidt,2009
Susan Solomon,2009
Muhammad Yunus,2009
Sandra Faber,2010
Paul Farmer,2010
Jon M. Huntsman Jr.,2010
Risa J. Lavizzo-Mourey,2010
Greg Mortenson,2010
Peter C. Nowell,2010
James S. Riepe,2010
Renée C. Fox,2011
Mo Ibrahim,2011
Nicholas Kristof,2011
Sheryl Wudunn,2011
Ei-ichi Negishi,2011
Joyce Carol Oates,2011
Denzel Washington,2011
Ruzena Bajcsy,2012
Geoffrey Canada,2012
Akira Endo,2012
Peter D. Lax,2012
John R. Lewis,2012
David H. Petraeus,2012
Anna Deavere Smith,2012
Kwame Anthony Appiah,2013
Joseph R. Biden Jr.,2013
Ursula Burns,2013
Ngozi Okonjo-Iweala,2013
Samuel H. Preston,2013
Ellen Mosley-Thompson,2013
Lonnie G. Thompson,2013
James Edward West,2013
Eugenio Calabi,2014
Johnnetta Betsch Cole,2014
Edna Adan Ismail,2014
John Legend,2014
Raymond G. Perelman,2014
Olympia Snowe,2014
George A. Weiss,2014
Arthur K. Asbury,2015
Lee C. Bollinger,2015
Joan Myers Brown,2015
Rita Moreno,2015
Ellen Ochoa,2015
Samantha Power,2015
Cass R. Sunstein,2015
Hawa Abdi,2016
Elizabeth E. Bailey,2016
David Brooks,2016
Renée Fleming,2016
Sylvester James Gates Jr.,2016
Asma Jahangir,2016
Eric R. Kandel,2016
Lin-Manuel Miranda,2016
Isabel Allende,2017
Cory A. Booker,2017
Clara Franzini-Armstrong,2017
Terry Gross,2017
Ada Sue Hinshaw,2017
Robert Parris Moses,2017
Paul Muldoon,2017
